ticker,second_ts,yes_open,yes_high,yes_low,yes_close,contracts,trade_count,yes_vwap
KXBTC15M-26SEP051745-45,1788643800,0.49,0.49,0.49,0.49,30.21,3,0.49000000000000005
KXBTC15M-26SEP051745-45,1788643801,0.5,0.5,0.49,0.49,46.260000000000005,5,0.4900540423692174
KXBTC15M-26SEP051745-45,1788643802,0.49,0.49,0.49,0.49,12.93,2,0.49000000000000005
KXBTC15M-26SEP051745-45,1788643803,0.49,0.5,0.49,0.5,148.79,15,0.492596948719672
KXBTC15M-26SEP051745-45,1788643804,0.49,0.5,0.49,0.49,576.88,23,0.4900173346276522
KXBTC15M-26SEP051745-45,1788643805,0.5,0.5,0.48,0.49,1125.55,23,0.49075598596241843
KXBTC15M-26SEP051745-45,1788643806,0.49,0.5,0.49,0.5,893.37,28,0.4926818675352877
KXBTC15M-26SEP051745-45,1788643807,0.49,0.5,0.49,0.49,1317.88,40,0.4919335599599356
KXBTC15M-26SEP051745-45,1788643808,0.5,0.5,0.49,0.49,4628.23,59,0.49228787246960504
KXBTC15M-26SEP051745-45,1788643809,0.49,0.5,0.49,0.49,2483.37,38,0.49523699650072284
KXBTC15M-26SEP051745-45,1788643810,0.49,0.5,0.49,0.49,1958.6,37,0.4916417338915552
KXBTC15M-26SEP051745-45,1788643811,0.49,0.5,0.49,0.49,3408.46,34,0.49647227780287867
KXBTC15M-26SEP051745-45,1788643812,0.49,0.51,0.49,0.5,4382.91,53,0.4954236112537105
KXBTC15M-26SEP051745-45,1788643813,0.49,0.5,0.49,0.49,1299.1,37,0.4922718035563082
KXBTC15M-26SEP051745-45,1788643814,0.49,0.5,0.49,0.49,2627.5,25,0.49354614652711704
KXBTC15M-26SEP051745-45,1788643815,0.49,0.5,0.48,0.5,1750.99,36,0.4928808845281812
KXBTC15M-26SEP051745-45,1788643816,0.49,0.5,0.48,0.49,1776.86,50,0.4855556993798048
KXBTC15M-26SEP051745-45,1788643817,0.49,0.5,0.48,0.5,3618.11,50,0.4930751690799892
KXBTC15M-26SEP051745-45,1788643818,0.49,0.5,0.48,0.49,1812.41,35,0.4902754343663961
KXBTC15M-26SEP051745-45,1788643819,0.5,0.5,0.48,0.48,1927.48,38,0.4872958474277294
KXBTC15M-26SEP051745-45,1788643820,0.5,0.5,0.48,0.5,2161.5,36,0.4922841545223225
KXBTC15M-26SEP051745-45,1788643821,0.5,0.5,0.49,0.5,1176.6,26,0.49315867754547005
KXBTC15M-26SEP051745-45,1788643822,0.49,0.5,0.48,0.5,1232.11,52,0.4885179083036417
KXBTC15M-26SEP051745-45,1788643823,0.49,0.5,0.48,0.49,622.81,23,0.48741028564088573
KXBTC15M-26SEP051745-45,1788643824,0.48,0.49,0.47,0.48,541.92,30,0.47706875553587247
KXBTC15M-26SEP051745-45,1788643825,0.48,0.48,0.47,0.48,379.63,14,0.4777688802254827
KXBTC15M-26SEP051745-45,1788643826,0.48,0.48,0.47,0.48,3724.48,39,0.47480751675401667
KXBTC15M-26SEP051745-45,1788643827,0.48,0.48,0.47,0.47,1415.92,19,0.4758458104977682
KXBTC15M-26SEP051745-45,1788643828,0.47,0.48,0.47,0.47,549.93,24,0.47554634226174247
KXBTC15M-26SEP051745-45,1788643829,0.48,0.48,0.47,0.47,1447.76,38,0.4730840056362933
KXBTC15M-26SEP051745-45,1788643830,0.47,0.48,0.47,0.48,563.9,16,0.4769631140273098
KXBTC15M-26SEP051745-45,1788643831,0.47,0.48,0.47,0.47,1010.96,27,0.4773404486824404
KXBTC15M-26SEP051745-45,1788643832,0.47,0.48,0.47,0.48,2403.42,40,0.4742748666483594
KXBTC15M-26SEP051745-45,1788643833,0.47,0.48,0.47,0.47,3411.66,38,0.4749808304461758
KXBTC15M-26SEP051745-45,1788643834,0.48,0.48,0.46,0.48,7491.21,67,0.47245319514470957
KXBTC15M-26SEP051745-45,1788643835,0.48,0.48,0.47,0.48,1023.61,21,0.47083801447817036
KXBTC15M-26SEP051745-45,1788643836,0.47,0.48,0.47,0.47,2608.16,59,0.47401106527206915
KXBTC15M-26SEP051745-45,1788643837,0.48,0.48,0.45,0.47,4599.09,61,0.46411774938085576
KXBTC15M-26SEP051745-45,1788643838,0.46,0.47,0.46,0.47,2275.71,37,0.46883196892398415
KXBTC15M-26SEP051745-45,1788643839,0.46,0.47,0.46,0.46,2709.4,61,0.467567579537905
KXBTC15M-26SEP051745-45,1788643840,0.47,0.47,0.45,0.47,4123.6,53,0.4575787661266854
KXBTC15M-26SEP051745-45,1788643841,0.46,0.46,0.45,0.46,1549.85,38,0.4591624350743621
KXBTC15M-26SEP051745-45,1788643842,0.46,0.47,0.46,0.46,4759.650000000001,75,0.4685646213482083
KXBTC15M-26SEP051745-45,1788643843,0.47,0.47,0.45,0.47,918.25,34,0.45964911516471546
KXBTC15M-26SEP051745-45,1788643844,0.46,0.47,0.46,0.46,2475.85,41,0.46541999717268817
KXBTC15M-26SEP051745-45,1788643845,0.46,0.47,0.46,0.46,736.31,26,0.468576958074724
KXBTC15M-26SEP051745-45,1788643846,0.46,0.47,0.46,0.46,3627.4300000000003,45,0.46096473260683185
KXBTC15M-26SEP051745-45,1788643847,0.46,0.47,0.45,0.46,2306.16,36,0.4650306570229299
KXBTC15M-26SEP051745-45,1788643848,0.46,0.47,0.46,0.47,1469.22,46,0.4678283715168593
KXBTC15M-26SEP051745-45,1788643849,0.46,0.47,0.46,0.46,553.46,26,0.4659521916669678
KXBTC15M-26SEP051745-45,1788643850,0.47,0.47,0.46,0.47,1595.66,20,0.46757893285537017
KXBTC15M-26SEP051745-45,1788643851,0.46,0.47,0.46,0.46,889.35,20,0.46265654691628716
KXBTC15M-26SEP051745-45,1788643852,0.47,0.47,0.46,0.46,2335.54,35,0.4660815914092672
KXBTC15M-26SEP051745-45,1788643853,0.47,0.47,0.46,0.46,439.26,24,0.46181737467559075
KXBTC15M-26SEP051745-45,1788643854,0.46,0.47,0.46,0.47,3359.1,34,0.46808844631002355
KXBTC15M-26SEP051745-45,1788643855,0.46,0.47,0.46,0.46,1206.17,19,0.4673149721846837
KXBTC15M-26SEP051745-45,1788643856,0.47,0.47,0.46,0.46,4162.7,29,0.46549619237514117
KXBTC15M-26SEP051745-45,1788643857,0.46,0.47,0.46,0.46,1360.1100000000001,15,0.4619173449206314
KXBTC15M-26SEP051745-45,1788643858,0.47,0.47,0.46,0.47,1844.54,20,0.46755825300616954
KXBTC15M-26SEP051745-45,1788643859,0.47,0.47,0.46,0.47,1384.02,33,0.4652268030808803
KXBTC15M-26SEP051745-45,1788643860,0.47,0.47,0.46,0.47,3455.25,40,0.4670001302365965
KXBTC15M-26SEP051745-45,1788643861,0.48,0.48,0.47,0.47,701.58,33,0.47637176088257926
KXBTC15M-26SEP051745-45,1788643862,0.47,0.48,0.47,0.47,397.97,20,0.47376184134482496
KXBTC15M-26SEP051745-45,1788643863,0.47,0.48,0.47,0.48,3625.87,40,0.4790313221378593
KXBTC15M-26SEP051745-45,1788643864,0.47,0.48,0.47,0.48,1324.57,26,0.4775327842243143
KXBTC15M-26SEP051745-45,1788643865,0.48,0.48,0.47,0.48,1904,27,0.47924553571428574
KXBTC15M-26SEP051745-45,1788643866,0.47,0.48,0.47,0.47,311.81,21,0.4774045091562169
KXBTC15M-26SEP051745-45,1788643867,0.47,0.48,0.47,0.47,1745.4,30,0.47647043657614296
KXBTC15M-26SEP051745-45,1788643868,0.48,0.48,0.47,0.48,421.44,22,0.47406439825360663
KXBTC15M-26SEP051745-45,1788643869,0.48,0.48,0.47,0.48,2581.9,32,0.47989244354932403
KXBTC15M-26SEP051745-45,1788643870,0.48,0.49,0.48,0.49,1226.1299999999999,13,0.48258643047637684
KXBTC15M-26SEP051745-45,1788643871,0.48,0.49,0.48,0.49,106.55,11,0.48482121069920225
KXBTC15M-26SEP051745-45,1788643872,0.49,0.52,0.49,0.51,3996.88,72,0.49834686055122995
KXBTC15M-26SEP051745-45,1788643873,0.51,0.52,0.51,0.52,779.86,14,0.5131187649065216
KXBTC15M-26SEP051745-45,1788643874,0.52,0.52,0.51,0.51,3151.42,30,0.5134851273394216
KXBTC15M-26SEP051745-45,1788643875,0.51,0.52,0.51,0.52,1600.3700000000001,23,0.5163131025950248
KXBTC15M-26SEP051745-45,1788643876,0.51,0.52,0.51,0.52,2814.9100000000003,36,0.5126107406631117
KXBTC15M-26SEP051745-45,1788643877,0.52,0.52,0.51,0.52,614.03,12,0.516704395550706
KXBTC15M-26SEP051745-45,1788643878,0.52,0.52,0.51,0.51,598.17,17,0.5136454519618169
KXBTC15M-26SEP051745-45,1788643879,0.52,0.52,0.51,0.51,682.27,30,0.5185546777668666
KXBTC15M-26SEP051745-45,1788643880,0.52,0.52,0.51,0.52,1625.9,15,0.5190469893597391
KXBTC15M-26SEP051745-45,1788643881,0.52,0.52,0.51,0.51,1546.91,34,0.5184626772081117
KXBTC15M-26SEP051745-45,1788643882,0.52,0.52,0.51,0.52,1453.27,31,0.5126959202350562
KXBTC15M-26SEP051745-45,1788643883,0.52,0.52,0.51,0.52,1213.37,21,0.5180838491144498
KXBTC15M-26SEP051745-45,1788643884,0.51,0.52,0.51,0.51,1269.98,41,0.5148536197420431
KXBTC15M-26SEP051745-45,1788643885,0.52,0.52,0.51,0.51,933.84,30,0.5163991690225306
KXBTC15M-26SEP051745-45,1788643886,0.5,0.51,0.5,0.5,999.94,15,0.5026567594055643
KXBTC15M-26SEP051745-45,1788643887,0.51,0.51,0.5,0.5,650.5,28,0.5070050730207533
KXBTC15M-26SEP051745-45,1788643888,0.5,0.51,0.5,0.51,1533.7,17,0.5001813262046032
KXBTC15M-26SEP051745-45,1788643889,0.51,0.57,0.5,0.57,7015.12,99,0.5191739271744461
KXBTC15M-26SEP051745-45,1788643890,0.57,0.59,0.57,0.58,5922.9,68,0.5883864492056256
KXBTC15M-26SEP051745-45,1788643891,0.58,0.61,0.58,0.6,3879.2,66,0.5953708238812127
KXBTC15M-26SEP051745-45,1788643892,0.6,0.61,0.6,0.61,1604.56,33,0.6012006406740789
KXBTC15M-26SEP051745-45,1788643893,0.6,0.62,0.58,0.58,1535.91,52,0.597520427629223
KXBTC15M-26SEP051745-45,1788643894,0.58,0.59,0.58,0.58,1365.48,41,0.583852418197264
KXBTC15M-26SEP051745-45,1788643895,0.58,0.59,0.58,0.58,2192.13,54,0.5809033223394597
KXBTC15M-26SEP051745-45,1788643896,0.58,0.59,0.56,0.57,2899.35,62,0.5794791591218721
KXBTC15M-26SEP051745-45,1788643897,0.58,0.58,0.57,0.57,981.3,42,0.570367981249363
KXBTC15M-26SEP051745-45,1788643898,0.57,0.58,0.57,0.57,1025.66,41,0.5707626308913284
KXBTC15M-26SEP051745-45,1788643899,0.58,0.58,0.57,0.58,2656.9900000000002,37,0.5730322281980736
KXBTC15M-26SEP051745-45,1788643900,0.58,0.58,0.57,0.57,2326.65,40,0.5764874390217695
KXBTC15M-26SEP051745-45,1788643901,0.57,0.58,0.57,0.57,4410.04,53,0.5714300097051274
KXBTC15M-26SEP051745-45,1788643902,0.56,0.57,0.56,0.56,1417.54,29,0.5636068823454717
KXBTC15M-26SEP051745-45,1788643903,0.57,0.57,0.56,0.56,1142.21,28,0.5659089834618852
KXBTC15M-26SEP051745-45,1788643904,0.57,0.57,0.56,0.57,922.8199999999999,27,0.5682614160941462
KXBTC15M-26SEP051745-45,1788643905,0.57,0.57,0.51,0.56,7848.89,85,0.5390617271996423
KXBTC15M-26SEP051745-45,1788643906,0.55,0.56,0.55,0.56,1191.03,24,0.5575117335415566
KXBTC15M-26SEP051745-45,1788643907,0.56,0.56,0.55,0.56,929.46,46,0.5563245325242614
KXBTC15M-26SEP051745-45,1788643908,0.56,0.57,0.45,0.46,7643.95,148,0.5070199046304593
KXBTC15M-26SEP051745-45,1788643909,0.47,0.47,0.46,0.47,1243.18,33,0.46984789008832184
KXBTC15M-26SEP051745-45,1788643910,0.47,0.47,0.42,0.44,2793.88,101,0.4431929073546465
KXBTC15M-26SEP051745-45,1788643911,0.44,0.44,0.43,0.44,1812.91,49,0.439195768129692
KXBTC15M-26SEP051745-45,1788643912,0.43,0.44,0.43,0.44,1039.33,34,0.43854223393917235
KXBTC15M-26SEP051745-45,1788643913,0.43,0.45,0.43,0.44,2644.07,57,0.443942142227702
KXBTC15M-26SEP051745-45,1788643914,0.44,0.45,0.44,0.45,1742.46,36,0.4466050296706955
KXBTC15M-26SEP051745-45,1788643915,0.44,0.45,0.44,0.44,1226.8999999999999,34,0.4477511614638521
KXBTC15M-26SEP051745-45,1788643916,0.44,0.45,0.44,0.44,2130.39,39,0.4487657189528678
KXBTC15M-26SEP051745-45,1788643917,0.45,0.45,0.44,0.44,1061.59,35,0.4487899283150746
KXBTC15M-26SEP051745-45,1788643918,0.44,0.45,0.44,0.44,1211.29,36,0.44792403140453574
KXBTC15M-26SEP051745-45,1788643919,0.44,0.45,0.44,0.44,788.05,32,0.44729128862381834
KXBTC15M-26SEP051745-45,1788643920,0.45,0.45,0.44,0.45,368,18,0.44947635869565217
KXBTC15M-26SEP051745-45,1788643921,0.45,0.45,0.44,0.45,631.97,29,0.4459765495197556
KXBTC15M-26SEP051745-45,1788643922,0.45,0.45,0.44,0.44,1891.22,42,0.44712185784837305
KXBTC15M-26SEP051745-45,1788643923,0.44,0.45,0.44,0.45,2381.17,35,0.4475494399811857
KXBTC15M-26SEP051745-45,1788643924,0.45,0.45,0.44,0.45,1089.12,30,0.4499000110180697
KXBTC15M-26SEP051745-45,1788643925,0.46,0.46,0.45,0.46,1419.01,18,0.4515259230026568
KXBTC15M-26SEP051745-45,1788643926,0.46,0.47,0.46,0.46,348.52,32,0.4626543670377597
KXBTC15M-26SEP051745-45,1788643927,0.47,0.47,0.46,0.46,333.24,12,0.4621612051374385
KXBTC15M-26SEP051745-45,1788643928,0.46,0.47,0.46,0.47,1522.98,29,0.46185445639469985
KXBTC15M-26SEP051745-45,1788643929,0.47,0.48,0.46,0.47,2452.81,38,0.47238037189998405
KXBTC15M-26SEP051745-45,1788643930,0.48,0.48,0.47,0.48,179.55,15,0.4782383737120579
KXBTC15M-26SEP051745-45,1788643931,0.48,0.48,0.47,0.48,807.9,39,0.4746836242109172
KXBTC15M-26SEP051745-45,1788643932,0.48,0.48,0.46,0.46,848.47,31,0.4729916202104965
KXBTC15M-26SEP051745-45,1788643933,0.47,0.47,0.46,0.47,1622.81,25,0.46618710754801856
KXBTC15M-26SEP051745-45,1788643934,0.47,0.47,0.45,0.45,303.81,30,0.4593966623876765
KXBTC15M-26SEP051745-45,1788643935,0.46,0.46,0.45,0.45,941.72,19,0.4595335131461581
KXBTC15M-26SEP051745-45,1788643936,0.46,0.47,0.45,0.46,4951.47,44,0.46175489299137423
KXBTC15M-26SEP051745-45,1788643937,0.46,0.47,0.46,0.47,162.74,19,0.46388963991643106
KXBTC15M-26SEP051745-45,1788643938,0.47,0.47,0.46,0.47,600.2900000000001,18,0.4694929117593163
KXBTC15M-26SEP051745-45,1788643939,0.46,0.47,0.46,0.47,405.25,21,0.46610092535471925
KXBTC15M-26SEP051745-45,1788643940,0.46,0.47,0.46,0.46,265.14,14,0.46424040129742783
KXBTC15M-26SEP051745-45,1788643941,0.46,0.47,0.46,0.46,155.78,13,0.4658357940685583
KXBTC15M-26SEP051745-45,1788643942,0.47,0.47,0.46,0.46,699.03,21,0.46902922621346727
KXBTC15M-26SEP051745-45,1788643943,0.47,0.47,0.45,0.46,282.57,24,0.45584704674947807
KXBTC15M-26SEP051745-45,1788643944,0.46,0.46,0.45,0.46,327.32,9,0.4573906269094465
KXBTC15M-26SEP051745-45,1788643945,0.45,0.46,0.45,0.45,383.78,15,0.45333211735890355
KXBTC15M-26SEP051745-45,1788643946,0.46,0.46,0.45,0.45,244.31,12,0.458583357210102
KXBTC15M-26SEP051745-45,1788643947,0.46,0.47,0.45,0.46,2101.77,53,0.4671918430656066
KXBTC15M-26SEP051745-45,1788643948,0.45,0.46,0.45,0.45,440.99,17,0.45192362638608585
KXBTC15M-26SEP051745-45,1788643949,0.45,0.46,0.45,0.46,201.71,9,0.45268702592831295
KXBTC15M-26SEP051745-45,1788643950,0.45,0.46,0.45,0.46,3292.04,29,0.45397829309485915
KXBTC15M-26SEP051745-45,1788643951,0.45,0.46,0.45,0.45,1356.29,25,0.45874001872755826
KXBTC15M-26SEP051745-45,1788643952,0.45,0.46,0.45,0.45,581.75,25,0.4533493768801031
KXBTC15M-26SEP051745-45,1788643953,0.45,0.46,0.45,0.45,2431.7599999999998,29,0.4556848126459848
KXBTC15M-26SEP051745-45,1788643954,0.45,0.46,0.45,0.45,327.03000000000003,24,0.4529058496162431
KXBTC15M-26SEP051745-45,1788643955,0.45,0.46,0.45,0.46,1233.68,29,0.4524049186174696
KXBTC15M-26SEP051745-45,1788643956,0.45,0.46,0.45,0.46,925.23,24,0.4558849151021908
KXBTC15M-26SEP051745-45,1788643957,0.45,0.46,0.44,0.44,407.54,26,0.4558129263385189
KXBTC15M-26SEP051745-45,1788643958,0.44,0.45,0.44,0.44,116.92,16,0.4455807389668149
KXBTC15M-26SEP051745-45,1788643959,0.45,0.45,0.44,0.44,614.31,16,0.44842001595285774
KXBTC15M-26SEP051745-45,1788643960,0.44,0.45,0.44,0.45,547.31,17,0.4440757523158722
KXBTC15M-26SEP051745-45,1788643961,0.44,0.45,0.44,0.45,280.11,13,0.44621827139338116
KXBTC15M-26SEP051745-45,1788643962,0.44,0.46,0.38,0.39,4975.12,121,0.42756767675955554
KXBTC15M-26SEP051745-45,1788643963,0.38,0.39,0.38,0.39,641.05,26,0.3856139146712425
KXBTC15M-26SEP051745-45,1788643964,0.39,0.4,0.38,0.39,1648.34,41,0.38972287270830047
KXBTC15M-26SEP051745-45,1788643965,0.39,0.4,0.38,0.4,4396.24,57,0.391469141812094
KXBTC15M-26SEP051745-45,1788643966,0.4,0.4,0.39,0.4,934.61,28,0.39886284118509324
KXBTC15M-26SEP051745-45,1788643967,0.4,0.41,0.39,0.41,2000.43,33,0.40304014636853075
KXBTC15M-26SEP051745-45,1788643968,0.41,0.41,0.4,0.41,1027.72,48,0.40803759778928106
KXBTC15M-26SEP051745-45,1788643969,0.41,0.42,0.4,0.41,1879.98,43,0.4086451983531739
KXBTC15M-26SEP051745-45,1788643970,0.4,0.42,0.4,0.41,4316.57,49,0.4123876364798903
KXBTC15M-26SEP051745-45,1788643971,0.41,0.42,0.41,0.42,3020.89,33,0.41251055152620586
KXBTC15M-26SEP051745-45,1788643972,0.42,0.42,0.41,0.42,682.76,19,0.4185379928525397
KXBTC15M-26SEP051745-45,1788643973,0.41,0.42,0.41,0.42,4129,45,0.4139975538871397
KXBTC15M-26SEP051745-45,1788643974,0.42,0.42,0.41,0.41,1745.7,33,0.4191152546256516
KXBTC15M-26SEP051745-45,1788643975,0.41,0.42,0.41,0.42,4526.53,39,0.41519048807806425
KXBTC15M-26SEP051745-45,1788643976,0.42,0.42,0.41,0.41,564.38,22,0.41311332789964206
KXBTC15M-26SEP051745-45,1788643977,0.42,0.42,0.41,0.41,1216.01,25,0.4158606425933997
KXBTC15M-26SEP051745-45,1788643978,0.42,0.42,0.41,0.42,1156.71,33,0.41408019296107057
KXBTC15M-26SEP051745-45,1788643979,0.42,0.42,0.41,0.41,249.57,20,0.418119565652923
KXBTC15M-26SEP051745-45,1788643980,0.42,0.44,0.41,0.44,1723.09,33,0.41916295724541375
KXBTC15M-26SEP051745-45,1788643981,0.44,0.44,0.43,0.44,660.48,15,0.43560849685077513
KXBTC15M-26SEP051745-45,1788643982,0.44,0.44,0.43,0.44,1415.79,30,0.4358332097274314
KXBTC15M-26SEP051745-45,1788643983,0.44,0.44,0.43,0.43,2505.23,30,0.4398614897634149
KXBTC15M-26SEP051745-45,1788643984,0.44,0.44,0.43,0.44,1825.18,36,0.4380901061813081
KXBTC15M-26SEP051745-45,1788643985,0.44,0.44,0.43,0.44,1926.86,21,0.43983428998474206
KXBTC15M-26SEP051745-45,1788643986,0.44,0.44,0.43,0.44,442.45,24,0.4356121595660527
KXBTC15M-26SEP051745-45,1788643987,0.44,0.44,0.43,0.44,980.47,12,0.43419839464746496
KXBTC15M-26SEP051745-45,1788643988,0.43,0.44,0.43,0.43,417.89,16,0.4392543492306588
KXBTC15M-26SEP051745-45,1788643989,0.44,0.44,0.42,0.43,1574.6399999999999,20,0.43011234313874924
KXBTC15M-26SEP051745-45,1788643990,0.43,0.43,0.42,0.43,1107.59,43,0.4283362074413818
KXBTC15M-26SEP051745-45,1788643991,0.43,0.43,0.42,0.42,1214.41,15,0.420986651954447
KXBTC15M-26SEP051745-45,1788643992,0.43,0.44,0.43,0.43,2226.63,25,0.43486659211454076
KXBTC15M-26SEP051745-45,1788643993,0.44,0.44,0.43,0.43,227.81,11,0.43686054167946975
KXBTC15M-26SEP051745-45,1788643994,0.43,0.44,0.43,0.43,105.84,22,0.43387471655328796
KXBTC15M-26SEP051745-45,1788643995,0.43,0.44,0.43,0.44,1086.73,18,0.4310984329134192
KXBTC15M-26SEP051745-45,1788643996,0.44,0.44,0.42,0.42,287.75,16,0.4270609904430929
KXBTC15M-26SEP051745-45,1788643997,0.43,0.43,0.42,0.42,632.47,10,0.4278814805445318
KXBTC15M-26SEP051745-45,1788643998,0.43,0.43,0.42,0.43,87.55,7,0.4244523129640206
KXBTC15M-26SEP051745-45,1788643999,0.43,0.43,0.42,0.43,325.71,13,0.42845752356390654
KXBTC15M-26SEP051745-45,1788644000,0.42,0.43,0.42,0.43,344.87,8,0.4246095630237481
KXBTC15M-26SEP051745-45,1788644001,0.43,0.43,0.42,0.43,546.33,23,0.42177255504914607
KXBTC15M-26SEP051745-45,1788644002,0.42,0.43,0.41,0.42,4340.16,67,0.4229072891321979
KXBTC15M-26SEP051745-45,1788644003,0.42,0.42,0.41,0.42,699.88,14,0.4178114819683374
KXBTC15M-26SEP051745-45,1788644004,0.42,0.42,0.41,0.41,1792.6299999999999,9,0.4198508894752403
KXBTC15M-26SEP051745-45,1788644005,0.42,0.43,0.41,0.42,2506.85,46,0.4212083291780521
KXBTC15M-26SEP051745-45,1788644006,0.42,0.43,0.42,0.42,358.18,14,0.42967586129878826
KXBTC15M-26SEP051745-45,1788644007,0.43,0.43,0.42,0.43,678.08,17,0.42846861727229824
KXBTC15M-26SEP051745-45,1788644008,0.43,0.43,0.42,0.43,1257.72,17,0.42300050885729734
KXBTC15M-26SEP051745-45,1788644009,0.43,0.43,0.42,0.42,1641.37,29,0.42722792545251836
KXBTC15M-26SEP051745-45,1788644010,0.43,0.43,0.42,0.42,326.18,14,0.42876632534183573
KXBTC15M-26SEP051745-45,1788644011,0.43,0.43,0.42,0.43,1695.07,28,0.42980059820538385
KXBTC15M-26SEP051745-45,1788644012,0.43,0.43,0.43,0.43,366.38,11,0.43
KXBTC15M-26SEP051745-45,1788644013,0.43,0.43,0.42,0.43,168.48,11,0.4234425451092118
KXBTC15M-26SEP051745-45,1788644014,0.43,0.43,0.41,0.42,4190.56,52,0.4201589047764499
KXBTC15M-26SEP051745-45,1788644015,0.42,0.42,0.41,0.42,268.87,12,0.41845464350801503
KXBTC15M-26SEP051745-45,1788644016,0.42,0.42,0.41,0.42,939.16,18,0.41998253758677967
KXBTC15M-26SEP051745-45,1788644017,0.41,0.42,0.41,0.42,1530.13,29,0.4131222183736022
KXBTC15M-26SEP051745-45,1788644018,0.42,0.42,0.41,0.42,1460.02,25,0.41601662990917937
KXBTC15M-26SEP051745-45,1788644019,0.42,0.42,0.41,0.42,947.49,18,0.41756335159210123
KXBTC15M-26SEP051745-45,1788644020,0.42,0.42,0.41,0.41,1316.85,27,0.41166503398261
KXBTC15M-26SEP051745-45,1788644021,0.42,0.42,0.41,0.42,2430.17,28,0.41042643107272325
KXBTC15M-26SEP051745-45,1788644022,0.42,0.42,0.41,0.42,1922.56,22,0.4191997128828229
KXBTC15M-26SEP051745-45,1788644023,0.41,0.42,0.41,0.42,590.7,25,0.41542441171491445
KXBTC15M-26SEP051745-45,1788644024,0.41,0.42,0.41,0.41,2855.64,32,0.4111767239568012
KXBTC15M-26SEP051745-45,1788644025,0.42,0.42,0.41,0.42,676.05,15,0.4133317062347459
KXBTC15M-26SEP051745-45,1788644026,0.41,0.42,0.41,0.41,411.75,31,0.41085003035822704
KXBTC15M-26SEP051745-45,1788644027,0.42,0.42,0.41,0.41,214.94,8,0.4192342048943892
KXBTC15M-26SEP051745-45,1788644028,0.42,0.42,0.41,0.42,3452.75,35,0.4128505104626746
KXBTC15M-26SEP051745-45,1788644029,0.41,0.42,0.41,0.41,279.52,6,0.4177772610188895
KXBTC15M-26SEP051745-45,1788644030,0.42,0.42,0.41,0.42,2004.94,37,0.41837551248416405
KXBTC15M-26SEP051745-45,1788644031,0.41,0.42,0.41,0.42,3128.29,27,0.4196260576864677
KXBTC15M-26SEP051745-45,1788644032,0.42,0.42,0.41,0.42,1889.96,27,0.4176043408326102
KXBTC15M-26SEP051745-45,1788644033,0.42,0.42,0.4,0.42,2949.03,41,0.4128231316738046
KXBTC15M-26SEP051745-45,1788644034,0.41,0.42,0.4,0.42,2913.03,39,0.41091101018527093
KXBTC15M-26SEP051745-45,1788644035,0.42,0.42,0.41,0.41,967.72,11,0.41971655024180543
KXBTC15M-26SEP051745-45,1788644036,0.42,0.42,0.41,0.42,374.62,18,0.41547755058459235
KXBTC15M-26SEP051745-45,1788644037,0.42,0.42,0.41,0.41,153.46,6,0.4169099439593379
KXBTC15M-26SEP051745-45,1788644038,0.42,0.42,0.41,0.41,62.160000000000004,7,0.4133799871299871
KXBTC15M-26SEP051745-45,1788644039,0.42,0.42,0.4,0.42,2108.78,33,0.4058455125712497
KXBTC15M-26SEP051745-45,1788644040,0.42,0.42,0.41,0.41,224.35,27,0.41152841542233115
KXBTC15M-26SEP051745-45,1788644041,0.41,0.41,0.4,0.41,184.42000000000002,15,0.4073766402776271
KXBTC15M-26SEP051745-45,1788644042,0.4,0.41,0.4,0.41,87.9,14,0.4048373151308305
KXBTC15M-26SEP051745-45,1788644043,0.41,0.41,0.4,0.41,140.51,18,0.40713116504163405
KXBTC15M-26SEP051745-45,1788644044,0.41,0.41,0.4,0.4,290.39,8,0.40688901132959127
KXBTC15M-26SEP051745-45,1788644045,0.41,0.41,0.4,0.4,238.53,15,0.4075562822286505
KXBTC15M-26SEP051745-45,1788644046,0.41,0.41,0.4,0.41,277,11,0.4076104693140794
KXBTC15M-26SEP051745-45,1788644047,0.41,0.41,0.4,0.4,517.01,15,0.4029444304752326
KXBTC15M-26SEP051745-45,1788644048,0.41,0.41,0.4,0.41,601.87,13,0.4089020884908701
KXBTC15M-26SEP051745-45,1788644049,0.41,0.41,0.4,0.4,310.68,18,0.40605059868675164
KXBTC15M-26SEP051745-45,1788644050,0.4,0.41,0.4,0.4,1499.4099999999999,34,0.4005102006789337
KXBTC15M-26SEP051745-45,1788644051,0.41,0.41,0.4,0.41,724.86,20,0.40366222442954497
KXBTC15M-26SEP051745-45,1788644052,0.41,0.41,0.4,0.4,337.85,19,0.40809886044102406
KXBTC15M-26SEP051745-45,1788644053,0.41,0.41,0.4,0.41,168.99,14,0.4095206816971418
KXBTC15M-26SEP051745-45,1788644054,0.41,0.41,0.4,0.41,50.03,7,0.4065980411752948
KXBTC15M-26SEP051745-45,1788644055,0.41,0.41,0.4,0.41,574.36,22,0.40719688000557136
KXBTC15M-26SEP051745-45,1788644056,0.4,0.41,0.4,0.4,1628.75,16,0.40875358403683804
KXBTC15M-26SEP051745-45,1788644057,0.41,0.41,0.4,0.41,121.9,10,0.40864150943396227
KXBTC15M-26SEP051745-45,1788644058,0.4,0.41,0.4,0.41,609.04,25,0.40717145015105743
KXBTC15M-26SEP051745-45,1788644059,0.4,0.41,0.4,0.4,376.6,22,0.4021813595326606
KXBTC15M-26SEP051745-45,1788644060,0.41,0.41,0.4,0.4,373.46,13,0.405481443795855
KXBTC15M-26SEP051745-45,1788644061,0.4,0.41,0.4,0.41,1629.1399999999999,15,0.4056532280835287
KXBTC15M-26SEP051745-45,1788644062,0.41,0.41,0.4,0.41,495.83,8,0.4097942843313232
KXBTC15M-26SEP051745-45,1788644063,0.41,0.41,0.4,0.41,1056.18,32,0.4096374670984112
KXBTC15M-26SEP051745-45,1788644064,0.41,0.41,0.4,0.41,158.88,10,0.40509252265861034
KXBTC15M-26SEP051745-45,1788644065,0.41,0.41,0.4,0.41,911.2800000000001,36,0.40855949872706515
KXBTC15M-26SEP051745-45,1788644066,0.42,0.42,0.41,0.42,1075.23,11,0.4199985119462813
KXBTC15M-26SEP051745-45,1788644067,0.42,0.42,0.41,0.42,1094.33,25,0.41995759962716916
KXBTC15M-26SEP051745-45,1788644068,0.41,0.42,0.41,0.42,584.34,22,0.41277013382619704
KXBTC15M-26SEP051745-45,1788644069,0.42,0.42,0.38,0.4,3495.93,43,0.40658826120660313
KXBTC15M-26SEP051745-45,1788644070,0.4,0.4,0.39,0.4,29.310000000000002,12,0.3988433981576254
KXBTC15M-26SEP051745-45,1788644071,0.39,0.4,0.39,0.4,1033.3700000000001,17,0.3935303908570986
KXBTC15M-26SEP051745-45,1788644072,0.4,0.4,0.39,0.39,647.65,35,0.39550945726858644
KXBTC15M-26SEP051745-45,1788644073,0.39,0.4,0.39,0.39,1629.16,38,0.3909272263006703
KXBTC15M-26SEP051745-45,1788644074,0.39,0.39,0.38,0.39,834.49,22,0.3852205538712267
KXBTC15M-26SEP051745-45,1788644075,0.39,0.39,0.38,0.39,565.52,24,0.3898279459612392
KXBTC15M-26SEP051745-45,1788644076,0.39,0.39,0.38,0.39,456.95,25,0.389454426086005
KXBTC15M-26SEP051745-45,1788644077,0.39,0.39,0.38,0.39,2058.93,19,0.3890717022919672
KXBTC15M-26SEP051745-45,1788644078,0.39,0.39,0.38,0.38,1503.96,29,0.3813326817202585
KXBTC15M-26SEP051745-45,1788644079,0.38,0.39,0.38,0.38,448.46,21,0.38225415867635915
KXBTC15M-26SEP051745-45,1788644080,0.38,0.39,0.38,0.38,261.08,14,0.38505438945916964
KXBTC15M-26SEP051745-45,1788644081,0.38,0.4,0.38,0.39,444.72,35,0.39359237272890807
KXBTC15M-26SEP051745-45,1788644082,0.4,0.4,0.39,0.4,548.29,22,0.3984998814495979
KXBTC15M-26SEP051745-45,1788644083,0.39,0.4,0.39,0.39,314.53000000000003,22,0.39543795504403395
KXBTC15M-26SEP051745-45,1788644084,0.39,0.4,0.39,0.4,352.09999999999997,32,0.3947432547571713
KXBTC15M-26SEP051745-45,1788644085,0.39,0.41,0.39,0.39,841.87,31,0.4000799410835403
KXBTC15M-26SEP051745-45,1788644086,0.39,0.4,0.39,0.4,1276.9,25,0.3964800689169081
KXBTC15M-26SEP051745-45,1788644087,0.4,0.4,0.39,0.4,263.39,24,0.3987140741865675
KXBTC15M-26SEP051745-45,1788644088,0.4,0.4,0.39,0.39,613.54,11,0.39739919157675135
KXBTC15M-26SEP051745-45,1788644089,0.39,0.4,0.39,0.4,1047.82,26,0.39936029088965663
KXBTC15M-26SEP051745-45,1788644090,0.39,0.4,0.39,0.4,92.8,10,0.3933426724137931
KXBTC15M-26SEP051745-45,1788644091,0.4,0.4,0.39,0.4,2565.73,29,0.39875610450047355
KXBTC15M-26SEP051745-45,1788644092,0.4,0.4,0.39,0.39,248.86,5,0.3918882102386884
KXBTC15M-26SEP051745-45,1788644093,0.39,0.4,0.39,0.4,489.23,15,0.39980459088772147
KXBTC15M-26SEP051745-45,1788644094,0.39,0.4,0.39,0.39,790.27,11,0.39615587077834163
KXBTC15M-26SEP051745-45,1788644095,0.39,0.4,0.39,0.4,451.24,12,0.39872196613775374
KXBTC15M-26SEP051745-45,1788644096,0.4,0.4,0.39,0.39,51.58,4,0.39211322217913924
KXBTC15M-26SEP051745-45,1788644097,0.4,0.4,0.39,0.4,466.95,11,0.3992510975479174
KXBTC15M-26SEP051745-45,1788644098,0.39,0.4,0.39,0.4,520.14,10,0.39144884069673547
KXBTC15M-26SEP051745-45,1788644099,0.4,0.4,0.39,0.4,284.84999999999997,12,0.3994067052834826
KXBTC15M-26SEP051745-45,1788644100,0.4,0.4,0.39,0.4,730.39,8,0.39984898478894837
KXBTC15M-26SEP051745-45,1788644101,0.39,0.4,0.39,0.4,714.28,16,0.3988659909279275
KXBTC15M-26SEP051745-45,1788644102,0.39,0.4,0.39,0.4,278.35,14,0.39875624214118915
KXBTC15M-26SEP051745-45,1788644103,0.4,0.4,0.36,0.36,12480.34,66,0.37542068565439723
KXBTC15M-26SEP051745-45,1788644104,0.36,0.36,0.35,0.36,340.18,19,0.35952495737550705
KXBTC15M-26SEP051745-45,1788644105,0.35,0.36,0.35,0.36,843.9,15,0.35400924280127977
KXBTC15M-26SEP051745-45,1788644106,0.35,0.36,0.35,0.36,795.0799999999999,14,0.3597747396488404
KXBTC15M-26SEP051745-45,1788644107,0.36,0.36,0.35,0.35,880.92,22,0.3556924578849385
KXBTC15M-26SEP051745-45,1788644108,0.35,0.36,0.35,0.36,950.66,51,0.3562266215050596
KXBTC15M-26SEP051745-45,1788644109,0.36,0.36,0.35,0.35,1674.19,32,0.3579475447828502
KXBTC15M-26SEP051745-45,1788644110,0.36,0.38,0.35,0.38,774.46,46,0.363401725072954
KXBTC15M-26SEP051745-45,1788644111,0.38,0.38,0.37,0.38,88.01,9,0.3754902851948642
KXBTC15M-26SEP051745-45,1788644112,0.37,0.38,0.37,0.38,706.17,24,0.3779462452383987
KXBTC15M-26SEP051745-45,1788644113,0.38,0.38,0.37,0.37,505.51,20,0.3733231785721351
KXBTC15M-26SEP051745-45,1788644114,0.37,0.38,0.36,0.36,3126.54,45,0.36836032803034663
KXBTC15M-26SEP051745-45,1788644115,0.36,0.38,0.35,0.38,958.18,38,0.3617179444363272
KXBTC15M-26SEP051745-45,1788644116,0.38,0.38,0.37,0.37,831.13,20,0.3777439149110247
KXBTC15M-26SEP051745-45,1788644117,0.38,0.38,0.37,0.37,349.6,31,0.3732786041189931
KXBTC15M-26SEP051745-45,1788644118,0.38,0.41,0.38,0.4,3409.88,45,0.3849524616702054
KXBTC15M-26SEP051745-45,1788644119,0.4,0.41,0.4,0.41,702.52,13,0.40735167682058876
KXBTC15M-26SEP051745-45,1788644120,0.4,0.41,0.4,0.41,821.15,23,0.4059240090117518
KXBTC15M-26SEP051745-45,1788644121,0.4,0.41,0.4,0.41,350.61,10,0.4021248680870483
KXBTC15M-26SEP051745-45,1788644122,0.4,0.42,0.4,0.41,881.58,40,0.40986864493296127
KXBTC15M-26SEP051745-45,1788644123,0.42,0.42,0.41,0.42,1456.95,14,0.4198862006245925
KXBTC15M-26SEP051745-45,1788644124,0.42,0.42,0.41,0.41,788.15,30,0.4157284780815834
KXBTC15M-26SEP051745-45,1788644125,0.41,0.42,0.4,0.41,2211.4900000000002,45,0.4091772063179123
KXBTC15M-26SEP051745-45,1788644126,0.41,0.42,0.4,0.42,1790.56,39,0.40494588285229205
KXBTC15M-26SEP051745-45,1788644127,0.41,0.42,0.41,0.41,256.96,18,0.41889749377334995
KXBTC15M-26SEP051745-45,1788644128,0.41,0.42,0.41,0.41,101.05,4,0.4161009401286492
KXBTC15M-26SEP051745-45,1788644129,0.42,0.42,0.39,0.41,3458.26,34,0.4095012809910186
KXBTC15M-26SEP051745-45,1788644130,0.41,0.41,0.4,0.41,305.51,13,0.4099937808909692
KXBTC15M-26SEP051745-45,1788644131,0.41,0.41,0.39,0.39,215.01,18,0.404882563601693
KXBTC15M-26SEP051745-45,1788644132,0.4,0.4,0.4,0.4,215.94,12,0.4
KXBTC15M-26SEP051745-45,1788644133,0.4,0.4,0.39,0.39,905.35,25,0.3979167172916552
KXBTC15M-26SEP051745-45,1788644134,0.4,0.4,0.39,0.4,88.46,5,0.39551661768030755
KXBTC15M-26SEP051745-45,1788644135,0.4,0.4,0.39,0.4,162.48,7,0.39741322008862634
KXBTC15M-26SEP051745-45,1788644136,0.39,0.4,0.39,0.39,349.81,5,0.39751264972413597
KXBTC15M-26SEP051745-45,1788644137,0.4,0.4,0.39,0.39,484.59,16,0.398726552343218
KXBTC15M-26SEP051745-45,1788644138,0.39,0.4,0.39,0.39,171.54,7,0.39363355485601026
KXBTC15M-26SEP051745-45,1788644139,0.39,0.4,0.39,0.4,110.36,5,0.3965639724537876
KXBTC15M-26SEP051745-45,1788644140,0.39,0.4,0.38,0.39,2955.58,21,0.38998162797149794
KXBTC15M-26SEP051745-45,1788644141,0.38,0.39,0.38,0.38,574.72,9,0.3890183045657016
KXBTC15M-26SEP051745-45,1788644142,0.38,0.39,0.38,0.39,891.0300000000001,22,0.3821901619474092
KXBTC15M-26SEP051745-45,1788644143,0.38,0.39,0.38,0.38,350.14000000000004,15,0.38217684354829495
KXBTC15M-26SEP051745-45,1788644144,0.39,0.39,0.38,0.39,662.51,20,0.38980649348689084
KXBTC15M-26SEP051745-45,1788644145,0.39,0.39,0.38,0.39,608.13,15,0.3820956045582359
KXBTC15M-26SEP051745-45,1788644146,0.38,0.4,0.38,0.4,371.99,24,0.3917145622194145
KXBTC15M-26SEP051745-45,1788644147,0.39,0.4,0.39,0.39,19.64,12,0.392438900203666
KXBTC15M-26SEP051745-45,1788644148,0.4,0.4,0.39,0.4,227.57999999999998,6,0.39964979347921614
KXBTC15M-26SEP051745-45,1788644149,0.4,0.4,0.38,0.38,725.66,30,0.3981754540693989
KXBTC15M-26SEP051745-45,1788644150,0.38,0.39,0.38,0.39,243.96,18,0.38803615346778164
KXBTC15M-26SEP051745-45,1788644151,0.4,0.4,0.39,0.39,195.97,8,0.3968806449966832
KXBTC15M-26SEP051745-45,1788644152,0.4,0.4,0.38,0.39,395.45,23,0.3830112530029081
KXBTC15M-26SEP051745-45,1788644153,0.39,0.4,0.39,0.4,831.78,24,0.39705703431195755
KXBTC15M-26SEP051745-45,1788644154,0.39,0.4,0.39,0.4,1158.35,29,0.39921275952863994
KXBTC15M-26SEP051745-45,1788644155,0.4,0.4,0.39,0.39,1019.23,19,0.39891290483992825
KXBTC15M-26SEP051745-45,1788644156,0.39,0.4,0.38,0.4,1869.48,45,0.3900749941160109
KXBTC15M-26SEP051745-45,1788644157,0.4,0.4,0.39,0.39,324.59999999999997,7,0.39335089340727053
KXBTC15M-26SEP051745-45,1788644158,0.39,0.4,0.39,0.39,158.94,17,0.392519818799547
KXBTC15M-26SEP051745-45,1788644159,0.4,0.41,0.4,0.4,384.15000000000003,17,0.4020398281921124
KXBTC15M-26SEP051745-45,1788644160,0.41,0.41,0.4,0.41,582.14,12,0.40403682962861165
KXBTC15M-26SEP051745-45,1788644161,0.4,0.41,0.4,0.4,319.74,13,0.4023387752548946
KXBTC15M-26SEP051745-45,1788644162,0.41,0.41,0.4,0.4,279.71999999999997,10,0.4077506077506078
KXBTC15M-26SEP051745-45,1788644163,0.41,0.41,0.4,0.41,518.91,18,0.4053379198704978
KXBTC15M-26SEP051745-45,1788644164,0.41,0.41,0.4,0.41,1964.51,30,0.40922998610340494
KXBTC15M-26SEP051745-45,1788644165,0.41,0.41,0.4,0.41,273.98,14,0.4064971895758814
KXBTC15M-26SEP051745-45,1788644166,0.4,0.41,0.4,0.41,601.86,19,0.4058694713056192
KXBTC15M-26SEP051745-45,1788644167,0.41,0.41,0.41,0.41,513.4100000000001,10,0.4099999999999999
KXBTC15M-26SEP051745-45,1788644168,0.4,0.41,0.4,0.4,455.81,25,0.4053732915030385
KXBTC15M-26SEP051745-45,1788644169,0.41,0.41,0.39,0.39,1004.12,16,0.3925391387483567
KXBTC15M-26SEP051745-45,1788644170,0.4,0.4,0.39,0.4,1460.3799999999999,21,0.3942347197304812
KXBTC15M-26SEP051745-45,1788644171,0.4,0.4,0.39,0.39,224.58,9,0.39420963576453827
KXBTC15M-26SEP051745-45,1788644172,0.4,0.4,0.39,0.4,150.56,9,0.39670430393198725
KXBTC15M-26SEP051745-45,1788644173,0.4,0.4,0.4,0.4,402.55,11,0.4000000000000001
KXBTC15M-26SEP051745-45,1788644174,0.4,0.4,0.39,0.4,468.6,17,0.3943661971830986
KXBTC15M-26SEP051745-45,1788644175,0.4,0.4,0.39,0.4,751.81,10,0.3997080379351166
KXBTC15M-26SEP051745-45,1788644176,0.4,0.4,0.39,0.4,434.39,8,0.39841985312737405
KXBTC15M-26SEP051745-45,1788644177,0.39,0.4,0.39,0.4,397.59,12,0.39479438617671475
KXBTC15M-26SEP051745-45,1788644178,0.39,0.4,0.39,0.39,485.25,10,0.3966141164348274
KXBTC15M-26SEP051745-45,1788644179,0.39,0.4,0.39,0.39,1038.08,10,0.3900691661528977
KXBTC15M-26SEP051745-45,1788644180,0.39,0.39,0.39,0.39,293.22,5,0.38999999999999996
KXBTC15M-26SEP051745-45,1788644181,0.39,0.4,0.39,0.39,289.41,13,0.3923143637054697
KXBTC15M-26SEP051745-45,1788644182,0.39,0.39,0.38,0.38,231.59,21,0.386947622954359
KXBTC15M-26SEP051745-45,1788644183,0.39,0.39,0.38,0.39,133.73,4,0.38977566738951624
KXBTC15M-26SEP051745-45,1788644184,0.38,0.39,0.38,0.39,378.4,21,0.3870821881606766
KXBTC15M-26SEP051745-45,1788644185,0.39,0.39,0.38,0.38,1210.41,21,0.3871027172610933
KXBTC15M-26SEP051745-45,1788644186,0.38,0.39,0.38,0.38,407.69,13,0.38114155363143565
KXBTC15M-26SEP051745-45,1788644187,0.38,0.39,0.38,0.38,159.54,7,0.38275792904600725
KXBTC15M-26SEP051745-45,1788644188,0.39,0.39,0.38,0.38,601.75,12,0.3812928957208143
KXBTC15M-26SEP051745-45,1788644189,0.38,0.39,0.38,0.38,191.24,12,0.3818427107299728
KXBTC15M-26SEP051745-45,1788644190,0.38,0.39,0.38,0.38,511.84,25,0.3839934354485777
KXBTC15M-26SEP051745-45,1788644191,0.39,0.39,0.38,0.38,2026.03,27,0.3816588599379081
KXBTC15M-26SEP051745-45,1788644192,0.38,0.39,0.38,0.39,420.13,10,0.3875243377049961
KXBTC15M-26SEP051745-45,1788644193,0.39,0.39,0.37,0.38,232.54,32,0.3823544336458244
KXBTC15M-26SEP051745-45,1788644194,0.38,0.38,0.37,0.38,546.93,19,0.37615160989523344
KXBTC15M-26SEP051745-45,1788644195,0.37,0.38,0.36,0.36,508.46,28,0.36811863273413836
KXBTC15M-26SEP051745-45,1788644196,0.37,0.38,0.37,0.38,54.79,13,0.3727085234531849
KXBTC15M-26SEP051745-45,1788644197,0.37,0.38,0.37,0.37,218.96,11,0.37650118743149436
KXBTC15M-26SEP051745-45,1788644198,0.38,0.38,0.37,0.38,150.24,23,0.37689696485623003
KXBTC15M-26SEP051745-45,1788644199,0.38,0.38,0.37,0.38,804.75,31,0.3727040695868282
KXBTC15M-26SEP051745-45,1788644200,0.37,0.38,0.37,0.37,887.43,28,0.3735819163201605
KXBTC15M-26SEP051745-45,1788644201,0.37,0.38,0.37,0.37,687.25,22,0.37442328119316115
KXBTC15M-26SEP051745-45,1788644202,0.38,0.39,0.37,0.38,919.45,35,0.37948610582413395
KXBTC15M-26SEP051745-45,1788644203,0.39,0.39,0.38,0.38,190.85,16,0.3838721509038512
KXBTC15M-26SEP051745-45,1788644204,0.38,0.39,0.38,0.39,318.24,10,0.3870330568124686
KXBTC15M-26SEP051745-45,1788644205,0.39,0.39,0.36,0.37,860.99,26,0.3852796199723574
KXBTC15M-26SEP051745-45,1788644206,0.37,0.38,0.36,0.37,540.8100000000001,23,0.3670886263197795
KXBTC15M-26SEP051745-45,1788644207,0.37,0.38,0.36,0.37,457.57,42,0.3771171624013812
KXBTC15M-26SEP051745-45,1788644208,0.36,0.38,0.36,0.37,474.41,30,0.3734691511561729
KXBTC15M-26SEP051745-45,1788644209,0.36,0.38,0.36,0.37,232.1,21,0.37435545023696687
KXBTC15M-26SEP051745-45,1788644210,0.37,0.38,0.37,0.38,97.69,19,0.3761224280888525
KXBTC15M-26SEP051745-45,1788644211,0.37,0.38,0.37,0.38,789.63,31,0.3784635842103264
KXBTC15M-26SEP051745-45,1788644212,0.38,0.39,0.38,0.39,733.37,27,0.3803727995418411
KXBTC15M-26SEP051745-45,1788644213,0.39,0.39,0.38,0.39,451.07,16,0.388391823885428
KXBTC15M-26SEP051745-45,1788644214,0.39,0.39,0.38,0.39,667.67,19,0.38987643596387445
KXBTC15M-26SEP051745-45,1788644215,0.39,0.39,0.38,0.39,420.56,23,0.38636128019783145
KXBTC15M-26SEP051745-45,1788644216,0.39,0.39,0.38,0.39,144.73,12,0.38853934913286814
KXBTC15M-26SEP051745-45,1788644217,0.38,0.39,0.38,0.39,753.35,16,0.3887302050839583
KXBTC15M-26SEP051745-45,1788644218,0.38,0.39,0.38,0.38,616.4399999999999,12,0.3816914866004802
KXBTC15M-26SEP051745-45,1788644219,0.39,0.39,0.38,0.38,505.55,14,0.38889743843338936
KXBTC15M-26SEP051745-45,1788644220,0.39,0.39,0.38,0.39,428.17,12,0.38960296144054934
KXBTC15M-26SEP051745-45,1788644221,0.38,0.39,0.38,0.39,1686.02,11,0.3803382522152762
KXBTC15M-26SEP051745-45,1788644222,0.39,0.39,0.39,0.39,1497.3899999999999,31,0.39000000000000007
KXBTC15M-26SEP051745-45,1788644223,0.39,0.39,0.38,0.39,633.6899999999999,18,0.38895232684751224
KXBTC15M-26SEP051745-45,1788644224,0.39,0.39,0.38,0.39,411.16999999999996,16,0.3831736264805312
KXBTC15M-26SEP051745-45,1788644225,0.39,0.4,0.39,0.4,698.22,19,0.3944066340122025
KXBTC15M-26SEP051745-45,1788644226,0.39,0.4,0.39,0.4,506.93,21,0.39630757698301544
KXBTC15M-26SEP051745-45,1788644227,0.39,0.4,0.39,0.4,46.42,4,0.39690650581645837
KXBTC15M-26SEP051745-45,1788644228,0.4,0.4,0.39,0.39,648.9300000000001,17,0.3946373260598216
KXBTC15M-26SEP051745-45,1788644229,0.4,0.4,0.34,0.35,4439.8,81,0.3807531195098878
KXBTC15M-26SEP051745-45,1788644230,0.35,0.37,0.34,0.36,706.76,35,0.35789334427528435
KXBTC15M-26SEP051745-45,1788644231,0.37,0.38,0.37,0.38,909.64,36,0.3738683435205136
KXBTC15M-26SEP051745-45,1788644232,0.37,0.38,0.37,0.37,1210.74,30,0.3783149974395824
KXBTC15M-26SEP051745-45,1788644233,0.38,0.38,0.29,0.3,10324.17,118,0.3328884646417097
KXBTC15M-26SEP051745-45,1788644234,0.31,0.31,0.3,0.31,1453.28,39,0.30961989430804804
KXBTC15M-26SEP051745-45,1788644235,0.31,0.32,0.3,0.32,810.71,39,0.31737526365778146
KXBTC15M-26SEP051745-45,1788644236,0.32,0.33,0.32,0.33,2309.04,43,0.3217047344350899
KXBTC15M-26SEP051745-45,1788644237,0.32,0.34,0.32,0.33,2853.7,35,0.3311974629428462
KXBTC15M-26SEP051745-45,1788644238,0.33,0.33,0.32,0.33,470.94,19,0.3278538667346159
KXBTC15M-26SEP051745-45,1788644239,0.33,0.33,0.32,0.33,744.63,25,0.32795710621382435
KXBTC15M-26SEP051745-45,1788644240,0.33,0.33,0.32,0.33,3935.07,63,0.32428444729064543
KXBTC15M-26SEP051745-45,1788644241,0.33,0.33,0.32,0.33,2181.91,36,0.32513715047825076
KXBTC15M-26SEP051745-45,1788644242,0.32,0.33,0.32,0.32,3443.44,56,0.32570873893548313
KXBTC15M-26SEP051745-45,1788644243,0.32,0.33,0.32,0.32,758.29,18,0.32496683326959347
KXBTC15M-26SEP051745-45,1788644244,0.32,0.33,0.31,0.32,705.67,18,0.3206212535604461
KXBTC15M-26SEP051745-45,1788644245,0.32,0.33,0.31,0.33,2369.21,45,0.3176906648207631
KXBTC15M-26SEP051745-45,1788644246,0.32,0.33,0.32,0.32,2208.16,19,0.320611006448808
KXBTC15M-26SEP051745-45,1788644247,0.32,0.33,0.32,0.32,448.26,15,0.321894213179851
KXBTC15M-26SEP051745-45,1788644248,0.32,0.37,0.32,0.36,1802.77,64,0.35140067784575957
KXBTC15M-26SEP051745-45,1788644249,0.34,0.35,0.34,0.34,2738.16,36,0.3484646258801531
KXBTC15M-26SEP051745-45,1788644250,0.34,0.35,0.34,0.35,562.91,21,0.3437569060773481
KXBTC15M-26SEP051745-45,1788644251,0.34,0.35,0.34,0.34,701.83,20,0.3454516050895516
KXBTC15M-26SEP051745-45,1788644252,0.35,0.35,0.34,0.35,1351.39,18,0.34986843176285154
KXBTC15M-26SEP051745-45,1788644253,0.34,0.36,0.34,0.34,1585.63,30,0.35411653412208394
KXBTC15M-26SEP051745-45,1788644254,0.35,0.35,0.34,0.35,313.95,18,0.34764739608217865
KXBTC15M-26SEP051745-45,1788644255,0.34,0.35,0.34,0.35,251.54999999999998,15,0.34811091234347047
KXBTC15M-26SEP051745-45,1788644256,0.34,0.35,0.34,0.34,827.36,27,0.3421706391413653
KXBTC15M-26SEP051745-45,1788644257,0.34,0.36,0.34,0.34,1815.0700000000002,28,0.3472316770152115
KXBTC15M-26SEP051745-45,1788644258,0.34,0.35,0.34,0.35,1490.35,26,0.3469707786761499
KXBTC15M-26SEP051745-45,1788644259,0.35,0.35,0.34,0.34,569.5600000000001,16,0.34126343142074583
KXBTC15M-26SEP051745-45,1788644260,0.34,0.36,0.34,0.36,1435.95,29,0.3540619102336432
KXBTC15M-26SEP051745-45,1788644261,0.35,0.36,0.35,0.35,170.26,13,0.3557036297427464
KXBTC15M-26SEP051745-45,1788644262,0.35,0.36,0.34,0.35,584.49,22,0.34474242502010294
KXBTC15M-26SEP051745-45,1788644263,0.36,0.36,0.34,0.34,753.82,30,0.35231049852749996
KXBTC15M-26SEP051745-45,1788644264,0.34,0.35,0.34,0.34,1142.15,18,0.3447709145033489
KXBTC15M-26SEP051745-45,1788644265,0.35,0.35,0.34,0.35,1320.71,13,0.3443268393515609
KXBTC15M-26SEP051745-45,1788644266,0.35,0.35,0.32,0.32,2715.11,49,0.3367293037851137
KXBTC15M-26SEP051745-45,1788644267,0.33,0.33,0.32,0.32,1048.1399999999999,20,0.3228334955254069
KXBTC15M-26SEP051745-45,1788644268,0.33,0.33,0.32,0.32,1922.3899999999999,28,0.3252642804009592
KXBTC15M-26SEP051745-45,1788644269,0.32,0.33,0.32,0.32,746.08,28,0.3202783883765816
KXBTC15M-26SEP051745-45,1788644270,0.32,0.32,0.3,0.3,918.37,50,0.31060487603035813
KXBTC15M-26SEP051745-45,1788644271,0.31,0.31,0.3,0.3,2398.76,86,0.30255561206623416
KXBTC15M-26SEP051745-45,1788644272,0.29,0.3,0.26,0.27,2065.61,55,0.2763868300405207
KXBTC15M-26SEP051745-45,1788644273,0.26,0.27,0.26,0.26,1165.08,35,0.26809043155834794
KXBTC15M-26SEP051745-45,1788644274,0.26,0.28,0.26,0.28,1905.25,46,0.2627283558588112
KXBTC15M-26SEP051745-45,1788644275,0.28,0.28,0.27,0.27,1611.36,40,0.27819363767252514
KXBTC15M-26SEP051745-45,1788644276,0.27,0.28,0.27,0.27,3274.28,37,0.2790224415749417
KXBTC15M-26SEP051745-45,1788644277,0.27,0.28,0.27,0.28,1955.27,34,0.2745445386059215
KXBTC15M-26SEP051745-45,1788644278,0.28,0.28,0.27,0.27,1529.27,29,0.27508275190123394
KXBTC15M-26SEP051745-45,1788644279,0.28,0.28,0.27,0.28,746.76,26,0.277346269216348
KXBTC15M-26SEP051745-45,1788644280,0.28,0.29,0.26,0.27,4644.78,74,0.2753530845379114
KXBTC15M-26SEP051745-45,1788644281,0.27,0.31,0.26,0.29,3056.9900000000002,63,0.28814533250026986
KXBTC15M-26SEP051745-45,1788644282,0.29,0.3,0.29,0.29,873.23,36,0.29737846844473964
KXBTC15M-26SEP051745-45,1788644283,0.3,0.3,0.29,0.3,2218.75,22,0.2959045408450704
KXBTC15M-26SEP051745-45,1788644284,0.3,0.32,0.29,0.31,1975.08,40,0.30782494886283085
KXBTC15M-26SEP051745-45,1788644285,0.31,0.32,0.31,0.31,595.37,18,0.3145712750054588
KXBTC15M-26SEP051745-45,1788644286,0.31,0.32,0.31,0.31,1475.49,21,0.3123179418362713
KXBTC15M-26SEP051745-45,1788644287,0.32,0.32,0.31,0.32,3489.31,28,0.3190516463140277
KXBTC15M-26SEP051745-45,1788644288,0.31,0.32,0.31,0.32,549.34,21,0.3110316015582335
KXBTC15M-26SEP051745-45,1788644289,0.31,0.32,0.31,0.32,1584.8799999999999,39,0.3175854323355711
KXBTC15M-26SEP051745-45,1788644290,0.32,0.33,0.32,0.32,645.5600000000001,21,0.3205623024970568
KXBTC15M-26SEP051745-45,1788644291,0.33,0.33,0.32,0.33,240.8,15,0.32801827242524917
KXBTC15M-26SEP051745-45,1788644292,0.33,0.33,0.32,0.32,882.7,25,0.3251533929987538
KXBTC15M-26SEP051745-45,1788644293,0.33,0.33,0.32,0.33,578.24,22,0.32441979109020475
KXBTC15M-26SEP051745-45,1788644294,0.33,0.33,0.31,0.32,449.82,20,0.32727913387577257
KXBTC15M-26SEP051745-45,1788644295,0.32,0.42,0.31,0.41,4782.19,95,0.34255470819854505
KXBTC15M-26SEP051745-45,1788644296,0.41,0.41,0.39,0.39,451.31,25,0.405293035829031
KXBTC15M-26SEP051745-45,1788644297,0.38,0.39,0.38,0.39,457.54,23,0.38122000262272154
KXBTC15M-26SEP051745-45,1788644298,0.39,0.39,0.37,0.37,796.71,32,0.3766067954462728
KXBTC15M-26SEP051745-45,1788644299,0.37,0.38,0.36,0.36,538.18,19,0.3671834702144264
KXBTC15M-26SEP051745-45,1788644300,0.37,0.37,0.36,0.37,343.94,11,0.36445717276269113
KXBTC15M-26SEP051745-45,1788644301,0.36,0.37,0.36,0.36,486.15999999999997,17,0.36495495310185944
KXBTC15M-26SEP051745-45,1788644302,0.36,0.37,0.36,0.37,158.42000000000002,8,0.3673393510920338
KXBTC15M-26SEP051745-45,1788644303,0.37,0.37,0.36,0.37,413.77,17,0.3656050462817507
KXBTC15M-26SEP051745-45,1788644304,0.36,0.37,0.36,0.37,385.89,14,0.3611832387467931
KXBTC15M-26SEP051745-45,1788644305,0.37,0.37,0.36,0.36,705.27,10,0.36954967601060584
KXBTC15M-26SEP051745-45,1788644306,0.36,0.37,0.36,0.36,2638.73,31,0.3672014188643779
KXBTC15M-26SEP051745-45,1788644307,0.37,0.37,0.36,0.36,479.89,17,0.3658515493133843
KXBTC15M-26SEP051745-45,1788644308,0.36,0.37,0.36,0.37,376.63,25,0.36787775801184186
KXBTC15M-26SEP051745-45,1788644309,0.36,0.37,0.36,0.37,849.3100000000001,11,0.3674536977075508
KXBTC15M-26SEP051745-45,1788644310,0.36,0.38,0.36,0.38,477.02,32,0.36861599094377595
KXBTC15M-26SEP051745-45,1788644311,0.37,0.38,0.37,0.38,600.32,13,0.37836087420042647
KXBTC15M-26SEP051745-45,1788644312,0.37,0.38,0.37,0.37,86.46,8,0.37407818644459867
KXBTC15M-26SEP051745-45,1788644313,0.37,0.37,0.36,0.37,3091.53,35,0.36894731734772096
KXBTC15M-26SEP051745-45,1788644314,0.37,0.37,0.36,0.36,657.3199999999999,19,0.3606782084829307
KXBTC15M-26SEP051745-45,1788644315,0.36,0.36,0.35,0.36,457.98,18,0.35315974496702907
KXBTC15M-26SEP051745-45,1788644316,0.35,0.36,0.35,0.35,424.46000000000004,12,0.3584797154031003
KXBTC15M-26SEP051745-45,1788644317,0.36,0.36,0.35,0.35,442.55,16,0.355814258275901
KXBTC15M-26SEP051745-45,1788644318,0.36,0.36,0.35,0.36,289.06,15,0.354556839410503
KXBTC15M-26SEP051745-45,1788644319,0.35,0.36,0.35,0.35,827.68,26,0.3500323796636381
KXBTC15M-26SEP051745-45,1788644320,0.35,0.36,0.35,0.35,889.07,26,0.35731044799622075
KXBTC15M-26SEP051745-45,1788644321,0.36,0.36,0.35,0.35,544.27,24,0.35521965201095046
KXBTC15M-26SEP051745-45,1788644322,0.35,0.36,0.34,0.35,1198.75,38,0.3488533889468196
KXBTC15M-26SEP051745-45,1788644323,0.36,0.37,0.35,0.36,280.46999999999997,24,0.3587581559525083
KXBTC15M-26SEP051745-45,1788644324,0.37,0.37,0.36,0.37,64.11999999999999,7,0.369772301933874
KXBTC15M-26SEP051745-45,1788644325,0.35,0.37,0.35,0.35,2116.97,38,0.3524024431144513
KXBTC15M-26SEP051745-45,1788644326,0.36,0.36,0.35,0.35,1333.76,31,0.35252241782629556
KXBTC15M-26SEP051745-45,1788644327,0.35,0.42,0.35,0.4,10363.91,67,0.36616407321175115
KXBTC15M-26SEP051745-45,1788644328,0.41,0.42,0.41,0.41,1106.97,18,0.41102812180998577
KXBTC15M-26SEP051745-45,1788644329,0.4,0.41,0.4,0.41,4670.54,36,0.4051825270739572
KXBTC15M-26SEP051745-45,1788644330,0.4,0.41,0.4,0.4,497.6,22,0.4022373392282958
KXBTC15M-26SEP051745-45,1788644331,0.41,0.41,0.4,0.41,516.48,15,0.40171894361833954
KXBTC15M-26SEP051745-45,1788644332,0.4,0.41,0.4,0.4,1571.82,22,0.4034920665216119
KXBTC15M-26SEP051745-45,1788644333,0.41,0.41,0.4,0.41,2502.02,28,0.4019060599035979
KXBTC15M-26SEP051745-45,1788644334,0.41,0.41,0.4,0.4,2569.4700000000003,25,0.4024163738047146
KXBTC15M-26SEP051745-45,1788644335,0.41,0.41,0.4,0.4,2007.18,29,0.40233870405245176
KXBTC15M-26SEP051745-45,1788644336,0.39,0.41,0.39,0.41,801.5600000000001,28,0.3988330256000798
KXBTC15M-26SEP051745-45,1788644337,0.41,0.42,0.4,0.41,924.63,39,0.41008262764565284
KXBTC15M-26SEP051745-45,1788644338,0.42,0.42,0.41,0.42,814.96,25,0.4162512270540885
KXBTC15M-26SEP051745-45,1788644339,0.42,0.42,0.41,0.42,1727.1200000000001,32,0.41270722358608547
KXBTC15M-26SEP051745-45,1788644340,0.41,0.42,0.41,0.42,714.49,29,0.418801102884575
KXBTC15M-26SEP051745-45,1788644341,0.42,0.42,0.41,0.41,757.89,30,0.4162439140244627
KXBTC15M-26SEP051745-45,1788644342,0.42,0.42,0.4,0.42,1759.42,51,0.4098637050846301
KXBTC15M-26SEP051745-45,1788644343,0.41,0.42,0.4,0.41,503.78000000000003,21,0.41748779229028543
KXBTC15M-26SEP051745-45,1788644344,0.41,0.41,0.39,0.4,1314.77,45,0.40247936901511294
KXBTC15M-26SEP051745-45,1788644345,0.39,0.42,0.39,0.4,5181.4800000000005,36,0.40389774736175765
KXBTC15M-26SEP051745-45,1788644346,0.4,0.4,0.39,0.39,1464.9099999999999,25,0.39937252117877553
KXBTC15M-26SEP051745-45,1788644347,0.39,0.4,0.39,0.4,2061.28,35,0.39763491616859425
KXBTC15M-26SEP051745-45,1788644348,0.39,0.4,0.39,0.4,210.49,15,0.39302152121240913
KXBTC15M-26SEP051745-45,1788644349,0.4,0.4,0.39,0.4,1086.92,48,0.3950879549552865
KXBTC15M-26SEP051745-45,1788644350,0.4,0.41,0.4,0.41,300.23,17,0.4022789194950538
KXBTC15M-26SEP051745-45,1788644351,0.4,0.41,0.4,0.4,4075.96,44,0.4005843531339856
KXBTC15M-26SEP051745-45,1788644352,0.39,0.4,0.39,0.4,254.06,13,0.3959005746674014
KXBTC15M-26SEP051745-45,1788644353,0.4,0.4,0.38,0.39,3105.84,55,0.39243090436081707
KXBTC15M-26SEP051745-45,1788644354,0.39,0.45,0.38,0.4,9628.52,64,0.42223887991093123
KXBTC15M-26SEP051745-45,1788644355,0.4,0.42,0.39,0.41,1619.39,38,0.4078214636375425
KXBTC15M-26SEP051745-45,1788644356,0.4,0.41,0.4,0.41,377.46999999999997,30,0.4069091583437095
KXBTC15M-26SEP051745-45,1788644357,0.4,0.41,0.4,0.4,920.43,22,0.4032666253816151
KXBTC15M-26SEP051745-45,1788644358,0.4,0.41,0.4,0.41,512.76,17,0.402090061627272
KXBTC15M-26SEP051745-45,1788644359,0.4,0.41,0.4,0.41,1087.86,12,0.4099488904822312
KXBTC15M-26SEP051745-45,1788644360,0.41,0.41,0.4,0.41,110.49,9,0.4082396596977102
KXBTC15M-26SEP051745-45,1788644361,0.4,0.4,0.39,0.4,894.2,26,0.39919961977186313
KXBTC15M-26SEP051745-45,1788644362,0.4,0.4,0.39,0.4,471.26,25,0.3985653354835972
KXBTC15M-26SEP051745-45,1788644363,0.4,0.4,0.39,0.4,408.12,7,0.3998047142997158
KXBTC15M-26SEP051745-45,1788644364,0.4,0.4,0.39,0.4,274.03000000000003,20,0.3932616866766412
KXBTC15M-26SEP051745-45,1788644365,0.4,0.4,0.39,0.4,399.58,19,0.3944078782721858
KXBTC15M-26SEP051745-45,1788644366,0.4,0.4,0.39,0.4,236.42,11,0.3979828271719821
KXBTC15M-26SEP051745-45,1788644367,0.4,0.4,0.39,0.4,954.4599999999999,18,0.39788299142970895
KXBTC15M-26SEP051745-45,1788644368,0.4,0.4,0.39,0.39,1611.11,12,0.3907769798461931
KXBTC15M-26SEP051745-45,1788644369,0.39,0.4,0.39,0.4,556.46,11,0.3976718901628149
KXBTC15M-26SEP051745-45,1788644370,0.39,0.4,0.39,0.4,234.71,13,0.3995044949086106
KXBTC15M-26SEP051745-45,1788644371,0.4,0.4,0.38,0.39,221.62,27,0.3962986192581897
KXBTC15M-26SEP051745-45,1788644372,0.38,0.39,0.38,0.38,864.17,17,0.38257715495793654
KXBTC15M-26SEP051745-45,1788644373,0.39,0.39,0.38,0.38,233.72,8,0.38743838781447887
KXBTC15M-26SEP051745-45,1788644374,0.39,0.39,0.38,0.38,402.41,8,0.38060137670535027
KXBTC15M-26SEP051745-45,1788644375,0.39,0.39,0.38,0.39,2691.8,18,0.38953893305594767
KXBTC15M-26SEP051745-45,1788644376,0.39,0.39,0.38,0.38,664.15,14,0.3856932921779719
KXBTC15M-26SEP051745-45,1788644377,0.39,0.39,0.36,0.37,3210.42,51,0.3778855726042075
KXBTC15M-26SEP051745-45,1788644378,0.38,0.38,0.37,0.38,650.79,14,0.3796435101953011
KXBTC15M-26SEP051745-45,1788644379,0.37,0.38,0.37,0.38,457.95,17,0.37758336062888964
KXBTC15M-26SEP051745-45,1788644380,0.38,0.38,0.37,0.38,89.68,15,0.37753345227475466
KXBTC15M-26SEP051745-45,1788644381,0.38,0.38,0.37,0.38,421.89,17,0.3786148048069402
KXBTC15M-26SEP051745-45,1788644382,0.37,0.38,0.36,0.37,3054.82,41,0.3704117427540739
KXBTC15M-26SEP051745-45,1788644383,0.37,0.37,0.36,0.37,462.21,18,0.36662209818048075
KXBTC15M-26SEP051745-45,1788644384,0.37,0.37,0.36,0.36,490.59999999999997,17,0.36568283734203016
KXBTC15M-26SEP051745-45,1788644385,0.37,0.37,0.36,0.37,1091.71,12,0.3667458390964633
KXBTC15M-26SEP051745-45,1788644386,0.36,0.37,0.36,0.36,925.0300000000001,13,0.36078365025999154
KXBTC15M-26SEP051745-45,1788644387,0.37,0.37,0.36,0.36,415.74,17,0.3668915668446625
KXBTC15M-26SEP051745-45,1788644388,0.37,0.37,0.36,0.37,157.18,10,0.3685112609746787
KXBTC15M-26SEP051745-45,1788644389,0.37,0.37,0.36,0.37,1130.93,29,0.3687950624707099
KXBTC15M-26SEP051745-45,1788644390,0.36,0.63,0.36,0.63,8639.26,171,0.4660014052129465
KXBTC15M-26SEP051745-45,1788644391,0.63,0.64,0.59,0.61,2620,89,0.6199175190839694
KXBTC15M-26SEP051745-45,1788644392,0.6,0.61,0.6,0.6,4166.95,56,0.600839942883884
KXBTC15M-26SEP051745-45,1788644393,0.6,0.61,0.58,0.59,6972.04,99,0.5966632434696302
KXBTC15M-26SEP051745-45,1788644394,0.59,0.6,0.57,0.6,8390.53,113,0.5859524845271991
KXBTC15M-26SEP051745-45,1788644395,0.6,0.6,0.56,0.59,7298.85,97,0.5866861491878856
KXBTC15M-26SEP051745-45,1788644396,0.59,0.64,0.57,0.62,12565.54,142,0.5973501815282112
KXBTC15M-26SEP051745-45,1788644397,0.62,0.62,0.61,0.62,4940.52,61,0.6162087796426287
KXBTC15M-26SEP051745-45,1788644398,0.62,0.63,0.61,0.61,2688.77,55,0.6126746058606723
KXBTC15M-26SEP051745-45,1788644399,0.61,0.63,0.61,0.62,5326.51,71,0.616693313257649
KXBTC15M-26SEP051745-45,1788644400,0.62,0.7,0.61,0.69,16931.81,175,0.6466639006698043
KXBTC15M-26SEP051745-45,1788644401,0.7,0.7,0.69,0.69,2469.62,67,0.6922018772118788
KXBTC15M-26SEP051745-45,1788644402,0.69,0.7,0.66,0.67,5206.54,110,0.6775082492403784
KXBTC15M-26SEP051745-45,1788644403,0.68,0.68,0.65,0.66,12795.44,109,0.664105868965819
KXBTC15M-26SEP051745-45,1788644404,0.66,0.67,0.65,0.67,4395.28,70,0.6598694963688321
KXBTC15M-26SEP051745-45,1788644405,0.66,0.67,0.65,0.66,3811.93,88,0.6593480730233766
KXBTC15M-26SEP051745-45,1788644406,0.65,0.66,0.65,0.65,3537.32,54,0.6577176789207649
KXBTC15M-26SEP051745-45,1788644407,0.65,0.66,0.64,0.64,2138.37,56,0.6419242694201659
KXBTC15M-26SEP051745-45,1788644408,0.64,0.65,0.64,0.65,1798.39,69,0.64426954108953
KXBTC15M-26SEP051745-45,1788644409,0.65,0.65,0.63,0.63,2604.57,59,0.631853549722219
KXBTC15M-26SEP051745-45,1788644410,0.63,0.64,0.63,0.63,2797.38,69,0.633282071080797
KXBTC15M-26SEP051745-45,1788644411,0.63,0.64,0.63,0.64,5286.78,60,0.6311931080922604
KXBTC15M-26SEP051745-45,1788644412,0.63,0.64,0.63,0.64,2145.05,45,0.6315803827416611
KXBTC15M-26SEP051745-45,1788644413,0.63,0.64,0.63,0.64,2185.51,55,0.6359444248710827
KXBTC15M-26SEP051745-45,1788644414,0.64,0.64,0.46,0.48,3808.21,150,0.5922178398775279
KXBTC15M-26SEP051745-45,1788644415,0.49,0.53,0.49,0.5,2249.48,94,0.5114072585664242
KXBTC15M-26SEP051745-45,1788644416,0.51,0.51,0.49,0.51,1860.54,66,0.5021750137056984
KXBTC15M-26SEP051745-45,1788644417,0.51,0.51,0.5,0.51,1598.04,36,0.5088596030136918
KXBTC15M-26SEP051745-45,1788644418,0.51,0.51,0.49,0.49,746.43,41,0.504353656739413
KXBTC15M-26SEP051745-45,1788644419,0.49,0.51,0.49,0.51,1048.29,52,0.4968552595178815
KXBTC15M-26SEP051745-45,1788644420,0.51,0.52,0.5,0.51,4569.32,61,0.5097880428597691
KXBTC15M-26SEP051745-45,1788644421,0.5,0.51,0.49,0.49,642.05,41,0.49912483451444595
KXBTC15M-26SEP051745-45,1788644422,0.5,0.51,0.49,0.5,1953.6299999999999,51,0.505236969129262
KXBTC15M-26SEP051745-45,1788644423,0.51,0.51,0.36,0.37,2474.54,121,0.46375710233013
KXBTC15M-26SEP051745-45,1788644424,0.36,0.41,0.36,0.4,1957.68,75,0.39089335335703485
KXBTC15M-26SEP051745-45,1788644425,0.39,0.41,0.39,0.41,3460.37,61,0.40275190225322727
KXBTC15M-26SEP051745-45,1788644426,0.41,0.41,0.37,0.38,874.0699999999999,53,0.3884587046804032
KXBTC15M-26SEP051745-45,1788644427,0.38,0.4,0.38,0.4,1088.24,57,0.38791819819157536
KXBTC15M-26SEP051745-45,1788644428,0.39,0.4,0.38,0.39,863.67,52,0.39334085935600405
KXBTC15M-26SEP051745-45,1788644429,0.39,0.39,0.36,0.38,1579.32,67,0.3730692956462275
KXBTC15M-26SEP051745-45,1788644430,0.39,0.39,0.38,0.38,2189.79,38,0.3820306970074756
KXBTC15M-26SEP051745-45,1788644431,0.39,0.39,0.38,0.39,1315.35,29,0.38769969969969975
KXBTC15M-26SEP051745-45,1788644432,0.38,0.39,0.38,0.39,784.58,38,0.38750057355527795
KXBTC15M-26SEP051745-45,1788644433,0.38,0.39,0.38,0.39,2173.75,38,0.38870748706152963
KXBTC15M-26SEP051745-45,1788644434,0.38,0.39,0.38,0.39,1729.81,36,0.38850561622374713
KXBTC15M-26SEP051745-45,1788644435,0.39,0.39,0.38,0.38,2862.41,44,0.3895437411132578
KXBTC15M-26SEP051745-45,1788644436,0.38,0.39,0.38,0.39,1514.06,30,0.3892935550770776
KXBTC15M-26SEP051745-45,1788644437,0.39,0.39,0.38,0.38,2133.33,40,0.38447460074156364
KXBTC15M-26SEP051745-45,1788644438,0.38,0.39,0.38,0.39,1232.36,40,0.38932300626440325
KXBTC15M-26SEP051745-45,1788644439,0.39,0.4,0.39,0.39,682.89,21,0.39791049803042955
KXBTC15M-26SEP051745-45,1788644440,0.4,0.4,0.39,0.4,654.59,22,0.395051253456362
KXBTC15M-26SEP051745-45,1788644441,0.39,0.4,0.39,0.4,865.13,22,0.3973956515205807
KXBTC15M-26SEP051745-45,1788644442,0.39,0.41,0.39,0.39,1676.8,26,0.39430826574427486
KXBTC15M-26SEP051745-45,1788644443,0.39,0.4,0.39,0.4,2114.92,33,0.39521580012482743
KXBTC15M-26SEP051745-45,1788644444,0.4,0.4,0.39,0.4,583.07,11,0.3942552352204709
KXBTC15M-26SEP051745-45,1788644445,0.4,0.4,0.39,0.39,711.23,22,0.39895926774742346
KXBTC15M-26SEP051745-45,1788644446,0.4,0.4,0.39,0.4,1759.33,36,0.39921265481745893
KXBTC15M-26SEP051745-45,1788644447,0.4,0.4,0.39,0.4,319.12,19,0.3993052770117824
KXBTC15M-26SEP051745-45,1788644448,0.4,0.4,0.39,0.4,384.03,20,0.3990464286644273
KXBTC15M-26SEP051745-45,1788644449,0.4,0.4,0.4,0.4,627.6899999999999,19,0.4
KXBTC15M-26SEP051745-45,1788644450,0.4,0.4,0.39,0.4,1491.89,25,0.3994915845001977
KXBTC15M-26SEP051745-45,1788644451,0.4,0.4,0.39,0.4,201.34,17,0.39906327605046193
KXBTC15M-26SEP051745-45,1788644452,0.4,0.4,0.39,0.4,2297.82,33,0.39984746411816413
KXBTC15M-26SEP051745-45,1788644453,0.4,0.41,0.39,0.39,621.17,27,0.4007849702979861
KXBTC15M-26SEP051745-45,1788644454,0.39,0.4,0.39,0.4,2609.64,33,0.3985931776030411
KXBTC15M-26SEP051745-45,1788644455,0.4,0.4,0.39,0.4,408.87,25,0.39723286130065794
KXBTC15M-26SEP051745-45,1788644456,0.4,0.4,0.39,0.39,899.59,26,0.39870174190464547
KXBTC15M-26SEP051745-45,1788644457,0.4,0.41,0.39,0.41,1006.96,26,0.40368187415587514
KXBTC15M-26SEP051745-45,1788644458,0.41,0.41,0.4,0.41,1574.17,44,0.4095711390764657
KXBTC15M-26SEP051745-45,1788644459,0.4,0.41,0.4,0.4,1034.46,31,0.40622924037662156
KXBTC15M-26SEP051745-45,1788644460,0.4,0.41,0.4,0.41,4562.33,68,0.4047958389682465
KXBTC15M-26SEP051745-45,1788644461,0.41,0.41,0.4,0.4,1371.29,31,0.4024921059732077
KXBTC15M-26SEP051745-45,1788644462,0.41,0.41,0.39,0.39,740.24,27,0.39998878742029614
KXBTC15M-26SEP051745-45,1788644463,0.39,0.4,0.38,0.38,1585.6299999999999,43,0.3877386906150868
KXBTC15M-26SEP051745-45,1788644464,0.39,0.39,0.37,0.37,1105.59,59,0.3782082869779937
KXBTC15M-26SEP051745-45,1788644465,0.37,0.38,0.37,0.37,608.04,38,0.37463193210972967
KXBTC15M-26SEP051745-45,1788644466,0.37,0.38,0.37,0.37,3266.34,41,0.37816672483574887
KXBTC15M-26SEP051745-45,1788644467,0.37,0.38,0.37,0.37,1457.1,43,0.3717556790886007
KXBTC15M-26SEP051745-45,1788644468,0.37,0.38,0.36,0.36,2012.73,66,0.3711289144594655
KXBTC15M-26SEP051745-45,1788644469,0.36,0.37,0.35,0.35,1264.76,47,0.3597575824662387
KXBTC15M-26SEP051745-45,1788644470,0.35,0.36,0.35,0.35,1515.08,31,0.3504403727855954
KXBTC15M-26SEP051745-45,1788644471,0.35,0.36,0.34,0.34,1593.19,55,0.35183148274844805
KXBTC15M-26SEP051745-45,1788644472,0.34,0.35,0.34,0.34,737.97,23,0.3435952681003293
KXBTC15M-26SEP051745-45,1788644473,0.34,0.35,0.34,0.34,488.52,33,0.3426750184229919
KXBTC15M-26SEP051745-45,1788644474,0.34,0.35,0.32,0.32,2443.79,69,0.33911097107361926
KXBTC15M-26SEP051745-45,1788644475,0.32,0.34,0.32,0.32,1050.68,66,0.3309391061027144
KXBTC15M-26SEP051745-45,1788644476,0.33,0.33,0.32,0.32,661.06,27,0.32578056454784743
KXBTC15M-26SEP051745-45,1788644477,0.32,0.34,0.32,0.33,1221.45,72,0.32484743542510947
KXBTC15M-26SEP051745-45,1788644478,0.34,0.34,0.33,0.34,876.24,37,0.33217303478499044
KXBTC15M-26SEP051745-45,1788644479,0.33,0.34,0.31,0.32,1372.74,56,0.32391902326733396
KXBTC15M-26SEP051745-45,1788644480,0.32,0.33,0.31,0.31,2842.12,54,0.3204517754352385
KXBTC15M-26SEP051745-45,1788644481,0.31,0.33,0.31,0.32,1849.68,56,0.31943071233943165
KXBTC15M-26SEP051745-45,1788644482,0.31,0.32,0.3,0.31,3293.32,65,0.3109207425940996
KXBTC15M-26SEP051745-45,1788644483,0.32,0.55,0.31,0.52,3549.0099999999998,160,0.38714593647242473
KXBTC15M-26SEP051745-45,1788644484,0.51,0.69,0.5,0.63,17457.89,181,0.6189034184543494
KXBTC15M-26SEP051745-45,1788644485,0.66,0.67,0.64,0.66,4407.11,77,0.6537554542546022
KXBTC15M-26SEP051745-45,1788644486,0.66,0.66,0.63,0.65,6681.9,123,0.645542540295425
KXBTC15M-26SEP051745-45,1788644487,0.65,0.68,0.63,0.67,4326.81,101,0.6492416584042285
KXBTC15M-26SEP051745-45,1788644488,0.67,0.68,0.63,0.63,4748.15,99,0.6510541579351958
KXBTC15M-26SEP051745-45,1788644489,0.63,0.65,0.63,0.64,4778.07,89,0.6327339281341631
KXBTC15M-26SEP051745-45,1788644490,0.63,0.64,0.62,0.63,3036.44,69,0.6299315645953814
KXBTC15M-26SEP051745-45,1788644491,0.63,0.64,0.62,0.64,4450.89,72,0.6322206794596137
KXBTC15M-26SEP051745-45,1788644492,0.63,0.64,0.63,0.63,1940.85,46,0.6336099647061855
KXBTC15M-26SEP051745-45,1788644493,0.63,0.64,0.63,0.63,1929.34,51,0.6335888438533385
KXBTC15M-26SEP051745-45,1788644494,0.64,0.64,0.63,0.63,3756.94,77,0.6322149142653329
KXBTC15M-26SEP051745-45,1788644495,0.63,0.64,0.61,0.63,6944.9,80,0.6274069893015018
KXBTC15M-26SEP051745-45,1788644496,0.64,0.65,0.64,0.64,511.57,39,0.6411548761655296
KXBTC15M-26SEP051745-45,1788644497,0.64,0.74,0.64,0.73,6115.04,142,0.6654740279703812
KXBTC15M-26SEP051745-45,1788644498,0.73,0.74,0.73,0.73,1450.1100000000001,61,0.7330665259876836
KXBTC15M-26SEP051745-45,1788644499,0.74,0.83,0.71,0.79,17174.54,244,0.783737928352084
KXBTC15M-26SEP051745-45,1788644500,0.8,0.8,0.67,0.72,11268.32,199,0.7686115410282989
KXBTC15M-26SEP051745-45,1788644501,0.72,0.73,0.72,0.73,2912.59,76,0.7262953247796633
KXBTC15M-26SEP051745-45,1788644502,0.73,0.73,0.65,0.68,3559.46,111,0.6922667764211424
KXBTC15M-26SEP051745-45,1788644503,0.68,0.69,0.65,0.67,1705.65,74,0.6771132412863131
KXBTC15M-26SEP051745-45,1788644504,0.67,0.7,0.67,0.7,5367.94,86,0.6770742780284431
KXBTC15M-26SEP051745-45,1788644505,0.7,0.72,0.69,0.7,1977.26,58,0.697749360225767
KXBTC15M-26SEP051745-45,1788644506,0.7,0.71,0.69,0.7,3105.07,58,0.6948281681250342
KXBTC15M-26SEP051745-45,1788644507,0.71,0.71,0.69,0.69,1165.21,56,0.6955095647994781
KXBTC15M-26SEP051745-45,1788644508,0.69,0.71,0.69,0.7,1706.25,92,0.6956398534798534
KXBTC15M-26SEP051745-45,1788644509,0.69,0.71,0.69,0.7,2811.81,57,0.6990554838342562
KXBTC15M-26SEP051745-45,1788644510,0.7,0.72,0.7,0.72,1618.2,55,0.7036739587195648
KXBTC15M-26SEP051745-45,1788644511,0.72,0.73,0.7,0.71,3234.44,71,0.7127314465564364
KXBTC15M-26SEP051745-45,1788644512,0.71,0.72,0.71,0.71,2657.21,58,0.7124832813364393
KXBTC15M-26SEP051745-45,1788644513,0.71,0.72,0.71,0.71,4271.88,62,0.7158391153309549
KXBTC15M-26SEP051745-45,1788644514,0.71,0.72,0.71,0.72,2460.67,77,0.7143601133024745
KXBTC15M-26SEP051745-45,1788644515,0.72,0.72,0.71,0.71,3035.95,68,0.7126748793623084
KXBTC15M-26SEP051745-45,1788644516,0.72,0.72,0.71,0.72,4478.5,78,0.7169335938372223
KXBTC15M-26SEP051745-45,1788644517,0.72,0.72,0.68,0.71,3619.5,71,0.6963823456278491
KXBTC15M-26SEP051745-45,1788644518,0.7,0.71,0.69,0.71,5961.35,74,0.6992969209994381
KXBTC15M-26SEP051745-45,1788644519,0.71,0.71,0.69,0.69,1226.57,52,0.7012404510138027
KXBTC15M-26SEP051745-45,1788644520,0.7,0.7,0.65,0.7,10320.86,74,0.6821491038537486
KXBTC15M-26SEP051745-45,1788644521,0.69,0.7,0.69,0.69,1887.43,62,0.6921986510758015
KXBTC15M-26SEP051745-45,1788644522,0.69,0.7,0.68,0.69,5777.76,51,0.6904534802414777
KXBTC15M-26SEP051745-45,1788644523,0.69,0.7,0.69,0.69,2217.28,57,0.6980227125126279
KXBTC15M-26SEP051745-45,1788644524,0.7,0.7,0.69,0.7,1287.9,44,0.6981840204984858
KXBTC15M-26SEP051745-45,1788644525,0.7,0.71,0.69,0.7,3197.57,61,0.6970336536807639
KXBTC15M-26SEP051745-45,1788644526,0.7,0.7,0.55,0.59,4723.96,117,0.6011493746771777
KXBTC15M-26SEP051745-45,1788644527,0.58,0.59,0.57,0.57,1219.91,41,0.5792650277479486
KXBTC15M-26SEP051745-45,1788644528,0.57,0.59,0.57,0.58,1412.31,43,0.585244528467546
KXBTC15M-26SEP051745-45,1788644529,0.59,0.6,0.58,0.59,1478.11,68,0.5877346070319529
KXBTC15M-26SEP051745-45,1788644530,0.58,0.59,0.56,0.56,2080.32,77,0.5716005229964619
KXBTC15M-26SEP051745-45,1788644531,0.57,0.57,0.56,0.57,1066.01,38,0.5661033198562866
KXBTC15M-26SEP051745-45,1788644532,0.56,0.58,0.56,0.58,1459.85,49,0.5674823440764462
KXBTC15M-26SEP051745-45,1788644533,0.58,0.6,0.57,0.58,4209.74,41,0.5846133965518061
KXBTC15M-26SEP051745-45,1788644534,0.58,0.59,0.58,0.59,1224.06,26,0.5820867441138506
KXBTC15M-26SEP051745-45,1788644535,0.58,0.59,0.58,0.59,1639.06,42,0.5854345783558869
KXBTC15M-26SEP051745-45,1788644536,0.58,0.59,0.57,0.59,3764.15,63,0.5798151773972875
KXBTC15M-26SEP051745-45,1788644537,0.59,0.59,0.56,0.58,8255.39,55,0.5796005518818614
KXBTC15M-26SEP051745-45,1788644538,0.59,0.59,0.58,0.58,1095.11,35,0.5868499054889463
KXBTC15M-26SEP051745-45,1788644539,0.59,0.61,0.58,0.6,2582.84,33,0.5916594136686747
KXBTC15M-26SEP051745-45,1788644540,0.6,0.62,0.6,0.62,1009.36,40,0.6112623840849647
KXBTC15M-26SEP051745-45,1788644541,0.62,0.62,0.61,0.61,990.93,38,0.6143636785645807
KXBTC15M-26SEP051745-45,1788644542,0.62,0.63,0.61,0.63,481.36,34,0.6245591656971913
KXBTC15M-26SEP051745-45,1788644543,0.63,0.64,0.62,0.62,1754.45,55,0.6273528456211348
KXBTC15M-26SEP051745-45,1788644544,0.63,0.64,0.62,0.63,1326.39,39,0.629460792074729
KXBTC15M-26SEP051745-45,1788644545,0.64,0.65,0.63,0.64,1959.63,38,0.6413458152814562
KXBTC15M-26SEP051745-45,1788644546,0.64,0.65,0.63,0.64,1146.26,34,0.63701193446513
KXBTC15M-26SEP051745-45,1788644547,0.64,0.65,0.63,0.65,943.96,47,0.6441626763845926
KXBTC15M-26SEP051745-45,1788644548,0.65,0.65,0.64,0.65,1069.3500000000001,26,0.6464369009211202
KXBTC15M-26SEP051745-45,1788644549,0.65,0.66,0.64,0.66,487.48,33,0.6532930581767458
KXBTC15M-26SEP051745-45,1788644550,0.66,0.66,0.65,0.66,2996.32,41,0.6529958415656539
KXBTC15M-26SEP051745-45,1788644551,0.65,0.67,0.65,0.65,6536.76,68,0.6614776280603847
KXBTC15M-26SEP051745-45,1788644552,0.65,0.67,0.65,0.65,885.26,40,0.6535568081693515
KXBTC15M-26SEP051745-45,1788644553,0.66,0.67,0.65,0.66,1678.75,45,0.6553365301563663
KXBTC15M-26SEP051745-45,1788644554,0.65,0.69,0.65,0.68,3555.24,61,0.6753999729976036
KXBTC15M-26SEP051745-45,1788644555,0.68,0.68,0.66,0.67,1166.99,39,0.6630303601573279
KXBTC15M-26SEP051745-45,1788644556,0.66,0.72,0.66,0.7,2951.12,67,0.6927228645395647
KXBTC15M-26SEP051745-45,1788644557,0.7,0.83,0.7,0.83,21408.3,253,0.7846069608516324
KXBTC15M-26SEP051745-45,1788644558,0.82,0.83,0.81,0.82,6388.79,90,0.8222154586392729
KXBTC15M-26SEP051745-45,1788644559,0.83,0.83,0.82,0.82,7547.05,139,0.8255736744820824
KXBTC15M-26SEP051745-45,1788644560,0.82,0.83,0.77,0.83,7490.61,127,0.8031873505629048
KXBTC15M-26SEP051745-45,1788644561,0.82,0.84,0.8,0.83,5427.6,122,0.8211594074729162
KXBTC15M-26SEP051745-45,1788644562,0.83,0.84,0.81,0.83,7002.21,134,0.8278919512553894
KXBTC15M-26SEP051745-45,1788644563,0.82,0.84,0.82,0.83,6645.96,87,0.8284857718072332
KXBTC15M-26SEP051745-45,1788644564,0.84,0.84,0.83,0.83,4536.29,86,0.8345368792559558
KXBTC15M-26SEP051745-45,1788644565,0.84,0.85,0.83,0.85,2766.13,66,0.8401265305679776
KXBTC15M-26SEP051745-45,1788644566,0.84,0.89,0.84,0.89,7357.07,139,0.8529064559668456
KXBTC15M-26SEP051745-45,1788644567,0.88,0.906,0.88,0.89,17787.45,231,0.897954225591639
KXBTC15M-26SEP051745-45,1788644568,0.89,0.908,0.85,0.89,14032.07,265,0.8949023230357318
KXBTC15M-26SEP051745-45,1788644569,0.9,0.905,0.87,0.87,9103.65,138,0.8966199656181862
KXBTC15M-26SEP051745-45,1788644570,0.87,0.9,0.86,0.9,3917.14,71,0.879682166070143
KXBTC15M-26SEP051745-45,1788644571,0.89,0.911,0.89,0.911,6846.38,139,0.9027745859855865
KXBTC15M-26SEP051745-45,1788644572,0.911,0.92,0.87,0.909,10297.34,155,0.907851920981535
KXBTC15M-26SEP051745-45,1788644573,0.909,0.929,0.88,0.89,11858.71,193,0.9034218696637325
KXBTC15M-26SEP051745-45,1788644574,0.88,0.88,0.85,0.87,7885.76,114,0.8663027279552002
KXBTC15M-26SEP051745-45,1788644575,0.88,0.88,0.85,0.86,4176.35,84,0.8690491697295485
KXBTC15M-26SEP051745-45,1788644576,0.86,0.88,0.84,0.85,5043.13,98,0.8588793467548923
KXBTC15M-26SEP051745-45,1788644577,0.86,0.88,0.84,0.87,9671.81,119,0.8653390730380353
KXBTC15M-26SEP051745-45,1788644578,0.86,0.87,0.83,0.84,3445.58,84,0.853479530296786
KXBTC15M-26SEP051745-45,1788644579,0.83,0.85,0.82,0.85,3810.11,116,0.8403279432877265
KXBTC15M-26SEP051745-45,1788644580,0.85,0.87,0.83,0.85,5261.43,97,0.8583386455773431
KXBTC15M-26SEP051745-45,1788644581,0.84,0.86,0.83,0.85,4235.83,91,0.841165792772609
KXBTC15M-26SEP051745-45,1788644582,0.85,0.87,0.76,0.77,5183.7,78,0.8127049983602447
KXBTC15M-26SEP051745-45,1788644583,0.77,0.8,0.75,0.78,6799.31,101,0.7768473859847543
KXBTC15M-26SEP051745-45,1788644584,0.78,0.78,0.72,0.77,7736.89,90,0.7609063977903266
KXBTC15M-26SEP051745-45,1788644585,0.77,0.78,0.76,0.78,6222.67,64,0.770950428031697
KXBTC15M-26SEP051745-45,1788644586,0.78,0.79,0.71,0.74,3716.46,70,0.7436786081378516
KXBTC15M-26SEP051745-45,1788644587,0.74,0.79,0.73,0.75,2374.56,79,0.7576164847382252
KXBTC15M-26SEP051745-45,1788644588,0.75,0.75,0.73,0.74,2372.92,68,0.7376119717478887
KXBTC15M-26SEP051745-45,1788644589,0.75,0.86,0.74,0.84,7787.79,83,0.8263551277063198
KXBTC15M-26SEP051745-45,1788644590,0.82,0.85,0.81,0.83,2002.08,52,0.8230666107248462
KXBTC15M-26SEP051745-45,1788644591,0.82,0.84,0.82,0.83,1620.58,48,0.8304059040590406
KXBTC15M-26SEP051745-45,1788644592,0.84,0.84,0.83,0.84,2418.58,61,0.8332349973951658
KXBTC15M-26SEP051745-45,1788644593,0.84,0.84,0.82,0.84,1159.04,62,0.8336887424075097
KXBTC15M-26SEP051745-45,1788644594,0.84,0.85,0.83,0.84,1796.28,54,0.8435809561983655
KXBTC15M-26SEP051745-45,1788644595,0.84,0.86,0.82,0.84,7310.75,70,0.8302656635776082
KXBTC15M-26SEP051745-45,1788644596,0.85,0.85,0.84,0.84,1207.45,45,0.8479939542010021
KXBTC15M-26SEP051745-45,1788644597,0.84,0.85,0.84,0.84,1002.91,44,0.8449413207565982
KXBTC15M-26SEP051745-45,1788644598,0.85,0.86,0.84,0.86,4679.95,80,0.8515527088964626
KXBTC15M-26SEP051745-45,1788644599,0.85,0.86,0.84,0.85,3568,62,0.8479163677130045
KXBTC15M-26SEP051745-45,1788644600,0.84,0.85,0.74,0.75,6574.98,104,0.7935155087924223
KXBTC15M-26SEP051745-45,1788644601,0.75,0.77,0.72,0.74,9311.46,127,0.7483516655819819
KXBTC15M-26SEP051745-45,1788644602,0.73,0.75,0.68,0.72,6093.31,99,0.715937856435993
KXBTC15M-26SEP051745-45,1788644603,0.72,0.74,0.7,0.74,6097.03,77,0.71943531522725
KXBTC15M-26SEP051745-45,1788644604,0.74,0.75,0.73,0.75,3317.85,86,0.7389841614298417
KXBTC15M-26SEP051745-45,1788644605,0.75,0.76,0.74,0.74,965.9,56,0.7475754218863236
KXBTC15M-26SEP051745-45,1788644606,0.74,0.76,0.74,0.76,3073.95,61,0.746348574309927
KXBTC15M-26SEP051745-45,1788644607,0.75,0.8,0.75,0.79,3192.34,50,0.7738677897717661
KXBTC15M-26SEP051745-45,1788644608,0.78,0.8,0.78,0.8,694.16,37,0.7869521435980178
KXBTC15M-26SEP051745-45,1788644609,0.79,0.8,0.77,0.79,4053.71,61,0.7863734208909863
KXBTC15M-26SEP051745-45,1788644610,0.79,0.8,0.78,0.8,1255.73,49,0.795869653508318
KXBTC15M-26SEP051745-45,1788644611,0.79,0.81,0.78,0.8,3407.1,65,0.7944837838631095
KXBTC15M-26SEP051745-45,1788644612,0.8,0.81,0.79,0.81,1505.56,45,0.8073735354286778
KXBTC15M-26SEP051745-45,1788644613,0.81,0.82,0.8,0.81,1416.93,54,0.8061212621653857
KXBTC15M-26SEP051745-45,1788644614,0.81,0.82,0.81,0.82,2161.3,31,0.8191655485124694
KXBTC15M-26SEP051745-45,1788644615,0.81,0.925,0.81,0.925,14348.83,127,0.8662266282338003
KXBTC15M-26SEP051745-45,1788644616,0.927,0.927,0.902,0.903,1962.24,80,0.9087836197407045
KXBTC15M-26SEP051745-45,1788644617,0.904,0.909,0.9,0.907,1970.85,79,0.9046848618616334
KXBTC15M-26SEP051745-45,1788644618,0.907,0.915,0.903,0.914,2576.42,96,0.9101149540835732
KXBTC15M-26SEP051745-45,1788644619,0.915,0.917,0.903,0.907,4796.26,132,0.9125984412855016
KXBTC15M-26SEP051745-45,1788644620,0.907,0.918,0.904,0.91,5632.34,134,0.9098022225220779
KXBTC15M-26SEP051745-45,1788644621,0.913,0.929,0.912,0.929,4020.08,90,0.915010808242622
KXBTC15M-26SEP051745-45,1788644622,0.919,0.959,0.919,0.927,25031.72,154,0.9421560739733426
KXBTC15M-26SEP051745-45,1788644623,0.927,0.959,0.82,0.88,12173.18,162,0.8990198715536942
KXBTC15M-26SEP051745-45,1788644624,0.88,0.9,0.87,0.88,5004.47,82,0.8864970516358376
KXBTC15M-26SEP051745-45,1788644625,0.88,0.89,0.52,0.6,13485.45,195,0.735610083460322
KXBTC15M-26SEP051745-45,1788644626,0.61,0.75,0.6,0.73,7452.05,116,0.6683642219255105
KXBTC15M-26SEP051745-45,1788644627,0.73,0.74,0.7,0.72,6748.85,78,0.7219946361231913
KXBTC15M-26SEP051745-45,1788644628,0.72,0.73,0.62,0.69,7308.62,105,0.6961620935279164
KXBTC15M-26SEP051745-45,1788644629,0.68,0.73,0.37,0.45,20701,286,0.47068632916284237
KXBTC15M-26SEP051745-45,1788644630,0.44,0.56,0.42,0.51,23861.64,288,0.4781619410903861
KXBTC15M-26SEP051745-45,1788644631,0.51,0.51,0.45,0.46,14817.25,172,0.4781768884239653
KXBTC15M-26SEP051745-45,1788644632,0.46,0.46,0.38,0.39,5198.92,123,0.40262379494202644
KXBTC15M-26SEP051745-45,1788644633,0.39,0.4,0.36,0.37,4474.45,144,0.3855680586440792
KXBTC15M-26SEP051745-45,1788644634,0.36,0.42,0.33,0.36,22960.98,172,0.3757375643374107
KXBTC15M-26SEP051745-45,1788644635,0.38,0.39,0.32,0.34,9719.95,165,0.35120546916393597
KXBTC15M-26SEP051745-45,1788644636,0.34,0.36,0.33,0.34,7454.94,126,0.343718983653792
KXBTC15M-26SEP051745-45,1788644637,0.34,0.37,0.33,0.35,5883.39,121,0.34394449458560455
KXBTC15M-26SEP051745-45,1788644638,0.34,0.54,0.34,0.54,4616.61,84,0.42164681443743357
KXBTC15M-26SEP051745-45,1788644639,0.55,0.67,0.55,0.6,17044.24,163,0.6529215676380994
KXBTC15M-26SEP051745-45,1788644640,0.59,0.62,0.54,0.59,14389.4,119,0.5932512960929572
KXBTC15M-26SEP051745-45,1788644641,0.61,0.69,0.59,0.68,4249.42,86,0.6298086327075225
KXBTC15M-26SEP051745-45,1788644642,0.68,0.7,0.65,0.68,7297.72,84,0.6760236758878114
KXBTC15M-26SEP051745-45,1788644643,0.69,0.71,0.67,0.7,4160.91,101,0.6873086896856697
KXBTC15M-26SEP051745-45,1788644644,0.7,0.71,0.69,0.69,1955.08,66,0.6937927348241504
KXBTC15M-26SEP051745-45,1788644645,0.69,0.72,0.61,0.62,7813.51,140,0.659066936626433
KXBTC15M-26SEP051745-45,1788644646,0.62,0.65,0.58,0.63,3235.75,92,0.6142105230626593
KXBTC15M-26SEP051745-45,1788644647,0.63,0.87,0.63,0.86,8777.87,131,0.816300640132515
KXBTC15M-26SEP051745-45,1788644648,0.85,0.88,0.82,0.86,7110.139999999999,135,0.8504079666504457
KXBTC15M-26SEP051745-45,1788644649,0.86,0.88,0.85,0.86,3306.7,90,0.8638466446910817
KXBTC15M-26SEP051745-45,1788644650,0.88,0.9,0.86,0.9,6465.69,114,0.8717718603892238
KXBTC15M-26SEP051745-45,1788644651,0.89,0.914,0.89,0.89,3498.61,104,0.8920277767456218
KXBTC15M-26SEP051745-45,1788644652,0.89,0.936,0.89,0.93,13321.55,161,0.9153249967158478
KXBTC15M-26SEP051745-45,1788644653,0.93,0.942,0.921,0.93,8314.96,198,0.9327183510203298
KXBTC15M-26SEP051745-45,1788644654,0.932,0.954,0.929,0.95,13394.65,149,0.9409283572172472
KXBTC15M-26SEP051745-45,1788644655,0.95,0.972,0.95,0.971,8809.27,155,0.9645482395249549
KXBTC15M-26SEP051745-45,1788644656,0.971,0.975,0.952,0.974,16747.18,181,0.9698580513256561
KXBTC15M-26SEP051745-45,1788644657,0.973,0.975,0.906,0.919,14831.72,156,0.9554749186203624
KXBTC15M-26SEP051745-45,1788644658,0.916,0.937,0.9,0.931,3825.2799999999997,96,0.9207720402166639
KXBTC15M-26SEP051745-45,1788644659,0.936,0.971,0.9,0.97,10380.710000000001,112,0.9378014760069396
KXBTC15M-26SEP051745-45,1788644660,0.97,0.976,0.969,0.975,7477.99,94,0.9739645506345956
KXBTC15M-26SEP051745-45,1788644661,0.975,0.989,0.971,0.987,25740.13,220,0.9805402657251536
KXBTC15M-26SEP051745-45,1788644662,0.987,0.99,0.981,0.986,25500.51,226,0.9862320326142497
KXBTC15M-26SEP051745-45,1788644663,0.986,0.99,0.982,0.982,14748.06,103,0.9857791017937275
KXBTC15M-26SEP051745-45,1788644664,0.983,0.99,0.981,0.983,4167.41,109,0.9842024206881491
KXBTC15M-26SEP051745-45,1788644665,0.984,0.988,0.982,0.987,6108.44,109,0.9858215567313423
KXBTC15M-26SEP051745-45,1788644666,0.985,0.99,0.982,0.987,35315.18,194,0.9878458155954466
KXBTC15M-26SEP051745-45,1788644667,0.99,0.992,0.988,0.991,4578.51,56,0.9906572487555995
KXBTC15M-26SEP051745-45,1788644668,0.992,0.993,0.989,0.991,10067.58,94,0.9922404053407076
KXBTC15M-26SEP051745-45,1788644669,0.991,0.994,0.991,0.991,16507.15,89,0.9931234174282053
KXBTC15M-26SEP051745-45,1788644670,0.991,0.994,0.99,0.99,5511.25,66,0.9926124726695397
KXBTC15M-26SEP051745-45,1788644671,0.994,0.995,0.99,0.995,13208.64,101,0.9935082499030937
KXBTC15M-26SEP051745-45,1788644672,0.994,0.995,0.99,0.995,6498.78,57,0.9941807354611173
KXBTC15M-26SEP051745-45,1788644673,0.995,0.999,0.995,0.998,32500.01,107,0.9977005397844493
KXBTC15M-26SEP051745-45,1788644674,0.999,0.999,0.998,0.999,7353.3,62,0.9987678933268056
KXBTC15M-26SEP051745-45,1788644675,0.999,0.999,0.999,0.999,1622.4,22,0.9989999999999999
KXBTC15M-26SEP051745-45,1788644676,0.999,0.999,0.995,0.997,31362.1,56,0.9969753243564685
KXBTC15M-26SEP051745-45,1788644677,0.998,0.999,0.998,0.998,1363.43,25,0.9984411667632368
KXBTC15M-26SEP051745-45,1788644678,0.999,0.999,0.998,0.999,9920.16,21,0.9989959678069708
KXBTC15M-26SEP051745-45,1788644679,0.999,0.999,0.999,0.999,8162.3,26,0.999
KXBTC15M-26SEP051745-45,1788644680,0.999,0.999,0.999,0.999,20968.21,16,0.999
KXBTC15M-26SEP051745-45,1788644681,0.999,0.999,0.999,0.999,8079.570000000001,20,0.9989999999999999
KXBTC15M-26SEP051745-45,1788644682,0.999,0.999,0.999,0.999,12277.869999999999,8,0.9990000000000001
KXBTC15M-26SEP051745-45,1788644683,0.999,0.999,0.999,0.999,2503.28,13,0.999
KXBTC15M-26SEP051745-45,1788644684,0.999,0.999,0.999,0.999,1188.03,5,0.999
KXBTC15M-26SEP051745-45,1788644685,0.999,0.999,0.999,0.999,18032.37,12,0.999
KXBTC15M-26SEP051745-45,1788644686,0.999,0.999,0.999,0.999,4403.04,10,0.999
KXBTC15M-26SEP051745-45,1788644687,0.999,0.999,0.999,0.999,567.46,5,0.999
KXBTC15M-26SEP051745-45,1788644688,0.999,0.999,0.999,0.999,549.21,3,0.999
KXBTC15M-26SEP051745-45,1788644689,0.999,0.999,0.999,0.999,8904.5,7,0.9989999999999999
KXBTC15M-26SEP051745-45,1788644690,0.999,0.999,0.999,0.999,675.93,4,0.999
KXBTC15M-26SEP051745-45,1788644691,0.999,0.999,0.999,0.999,1095.8,4,0.9990000000000001
KXBTC15M-26SEP051745-45,1788644693,0.999,0.999,0.999,0.999,14531.9,5,0.9990000000000001
KXBTC15M-26SEP051745-45,1788644695,0.999,0.999,0.999,0.999,2037.04,4,0.9989999999999999
KXBTC15M-26SEP051745-45,1788644696,0.999,0.999,0.999,0.999,6.39,1,0.999
KXBTC15M-26SEP051745-45,1788644697,0.999,0.999,0.999,0.999,4766.14,4,0.9990000000000001
KXBTC15M-26SEP051745-45,1788644698,0.999,0.999,0.999,0.999,74.24,3,0.999
KXBTC15M-26SEP051745-45,1788644699,0.999,0.999,0.999,0.999,4830.280000000001,3,0.999
