ticker,signal_time,exit_time,volatility,trend,side,pnl,cost,exit
KXBTC15M-26AUG220800-00,2026-08-22T11:47:00.000Z,2026-08-22T11:52:00.000Z,medium,BULLISH,yes,-0.55,1.06,STOP_LOSS
KXBTC15M-26AUG220900-00,2026-08-22T12:48:00.000Z,2026-08-22T12:52:00.000Z,low,BULLISH,yes,-0.87,1.22,STOP_LOSS
KXBTC15M-26AUG230330-30,2026-08-23T07:18:00.000Z,2026-08-23T07:23:00.000Z,medium,BULLISH,yes,-0.75,1.18,STOP_LOSS
KXBTC15M-26AUG231700-00,2026-08-23T20:49:00.000Z,2026-08-23T20:53:00.000Z,low,BULLISH,yes,-0.26000000000000023,1.59,SCALP_TAKE_PROFIT
KXBTC15M-26AUG250130-30,2026-08-25T05:19:00.000Z,2026-08-25T05:27:00.000Z,low,BULLISH,yes,0.6699999999999999,1.1400000000000001,SCALP_TAKE_PROFIT
KXBTC15M-26AUG251045-45,2026-08-25T14:34:00.000Z,2026-08-25T14:38:00.000Z,medium,BULLISH,yes,0.040000000000000036,1,SCALP_TAKE_PROFIT
KXBTC15M-26AUG260500-00,2026-08-26T08:48:00.000Z,2026-08-26T08:53:00.000Z,low,BEARISH,no,0.45399999999999996,1.34,SCALP_TAKE_PROFIT
KXBTC15M-26AUG260730-30,2026-08-26T11:17:00.000Z,2026-08-26T11:22:00.000Z,low,NEUTRAL,yes,-0.30000000000000016,1.12,STOP_LOSS
KXBTC15M-26AUG261630-30,2026-08-26T20:19:00.000Z,2026-08-26T20:22:00.000Z,low,NEUTRAL,no,0.5599999999999998,1.1400000000000001,SCALP_TAKE_PROFIT
KXBTC15M-26AUG261715-15,2026-08-26T21:01:00.000Z,2026-08-26T21:07:00.000Z,low,BULLISH,yes,0.55,0.98,SCALP_TAKE_PROFIT
KXBTC15M-26AUG261845-45,2026-08-26T22:33:00.000Z,2026-08-26T22:38:00.000Z,medium,BULLISH,no,0.44999999999999996,1.8800000000000001,SCALP_TAKE_PROFIT
KXBTC15M-26AUG262130-30,2026-08-27T01:18:00.000Z,2026-08-27T01:25:00.000Z,low,BEARISH,no,-1.31,1.56,STOP_LOSS
KXBTC15M-26AUG262230-30,2026-08-27T02:19:00.000Z,2026-08-27T02:25:00.000Z,low,BULLISH,no,0.9699999999999998,2.43,SCALP_TAKE_PROFIT
KXBTC15M-26AUG271845-45,2026-08-27T22:32:00.000Z,2026-08-27T22:38:00.000Z,low,BULLISH,no,0.6499999999999999,1.22,SCALP_TAKE_PROFIT
KXBTC15M-26AUG280245-45,2026-08-28T06:32:00.000Z,2026-08-28T06:38:00.000Z,low,BULLISH,no,-0.8900000000000001,1.6800000000000002,STOP_LOSS
KXBTC15M-26AUG291945-45,2026-08-29T23:32:00.000Z,2026-08-29T23:40:00.000Z,low,BULLISH,yes,0.07999999999999985,1.02,SCALP_TAKE_PROFIT
KXBTC15M-26AUG292115-15,2026-08-30T01:02:00.000Z,2026-08-30T01:09:00.000Z,low,BEARISH,no,0.4999999999999998,1.2200000000000002,SCALP_TAKE_PROFIT
KXBTC15M-26AUG300145-45,2026-08-30T05:31:00.000Z,2026-08-30T05:34:00.000Z,low,BULLISH,no,0.6200000000000006,2.4899999999999998,SCALP_TAKE_PROFIT
KXBTC15M-26AUG300200-00,2026-08-30T05:46:00.000Z,2026-08-30T05:54:00.000Z,low,NEUTRAL,no,-0.030000000000000027,1.5,SCALP_TAKE_PROFIT
KXBTC15M-26AUG300215-15,2026-08-30T06:02:00.000Z,2026-08-30T06:05:00.000Z,low,NEUTRAL,no,-1.4400000000000004,4.53,STOP_LOSS
KXBTC15M-26AUG301400-00,2026-08-30T17:47:00.000Z,2026-08-30T17:54:00.000Z,low,BEARISH,yes,-1.4600000000000002,1.7100000000000002,STOP_LOSS
KXBTC15M-26AUG302045-45,2026-08-31T00:32:00.000Z,2026-08-31T00:37:00.000Z,low,BULLISH,yes,0.56,1.18,SCALP_TAKE_PROFIT
KXBTC15M-26AUG302115-15,2026-08-31T01:02:00.000Z,2026-08-31T01:06:00.000Z,low,BULLISH,yes,-0.8,1.02,STOP_LOSS
KXBTC15M-26AUG302245-45,2026-08-31T02:31:00.000Z,2026-08-31T02:37:00.000Z,low,BULLISH,yes,-0.7600000000000001,1.08,STOP_LOSS
KXBTC15M-26AUG310600-00,2026-08-31T09:48:00.000Z,2026-08-31T09:52:00.000Z,low,BULLISH,yes,-0.9000000000000001,1.29,STOP_LOSS
KXBTC15M-26AUG311800-00,2026-08-31T21:46:00.000Z,2026-08-31T21:51:00.000Z,low,BULLISH,yes,-0.5800000000000001,1.79,STOP_LOSS
KXBTC15M-26AUG311815-15,2026-08-31T22:02:00.000Z,2026-08-31T22:06:00.000Z,low,NEUTRAL,yes,0,1.53,STOP_LOSS
KXBTC15M-26AUG311845-45,2026-08-31T22:34:00.000Z,2026-08-31T22:37:00.000Z,low,BEARISH,no,0.22999999999999998,1.26,SCALP_TAKE_PROFIT
KXBTC15M-26AUG311945-45,2026-08-31T23:33:00.000Z,2026-08-31T23:38:00.000Z,low,NEUTRAL,yes,-0.6400000000000001,1.35,STOP_LOSS
KXBTC15M-26AUG312315-15,2026-09-01T03:01:00.000Z,2026-09-01T03:06:00.000Z,low,BULLISH,yes,0.6399999999999999,1.4400000000000002,SCALP_TAKE_PROFIT
KXBTC15M-26SEP010015-15,2026-09-01T04:04:00.000Z,2026-09-01T04:10:00.000Z,low,BULLISH,yes,1.3800000000000003,2.11,SCALP_TAKE_PROFIT
KXBTC15M-26SEP010045-45,2026-09-01T04:31:00.000Z,2026-09-01T04:35:00.000Z,low,BULLISH,yes,-0.67,1.02,STOP_LOSS
KXBTC15M-26SEP010130-30,2026-09-01T05:19:00.000Z,2026-09-01T05:23:00.000Z,medium,BULLISH,yes,-0.3700000000000001,0.7200000000000001,STOP_LOSS
KXBTC15M-26SEP010145-45,2026-09-01T05:31:00.000Z,2026-09-01T05:35:00.000Z,low,BULLISH,yes,0.25,1.2,SCALP_TAKE_PROFIT
KXBTC15M-26SEP011600-00,2026-09-01T19:46:00.000Z,2026-09-01T19:54:00.000Z,low,BULLISH,yes,-0.778,0.9,STOP_LOSS
KXBTC15M-26SEP011645-45,2026-09-01T20:31:00.000Z,2026-09-01T20:37:00.000Z,low,BULLISH,yes,0.5499999999999999,0.88,SCALP_TAKE_PROFIT
KXBTC15M-26SEP011715-15,2026-09-01T21:01:00.000Z,2026-09-01T21:04:00.000Z,low,BULLISH,yes,-0.6500000000000001,1.75,SCALP_TAKE_PROFIT
KXBTC15M-26SEP011915-15,2026-09-01T23:01:00.000Z,2026-09-01T23:06:00.000Z,low,BULLISH,yes,-0.30000000000000004,1,STOP_LOSS
KXBTC15M-26SEP011945-45,2026-09-01T23:31:00.000Z,2026-09-01T23:34:00.000Z,low,BULLISH,yes,0.71,1.5,SCALP_TAKE_PROFIT
KXBTC15M-26SEP012300-00,2026-09-02T02:46:00.000Z,2026-09-02T02:49:00.000Z,low,BULLISH,yes,0.3699999999999999,1.5,SCALP_TAKE_PROFIT
KXBTC15M-26SEP020100-00,2026-09-02T04:46:00.000Z,2026-09-02T04:56:00.000Z,low,BULLISH,yes,-1.5799999999999998,1.8599999999999999,STOP_LOSS
KXBTC15M-26SEP020115-15,2026-09-02T05:01:00.000Z,2026-09-02T05:05:00.000Z,low,BULLISH,yes,-0.3600000000000003,1.9400000000000002,SCALP_TAKE_PROFIT
KXBTC15M-26SEP020145-45,2026-09-02T05:31:00.000Z,2026-09-02T05:39:00.000Z,low,BULLISH,yes,-0.45,0.65,STOP_LOSS
KXBTC15M-26SEP020315-15,2026-09-02T07:02:00.000Z,2026-09-02T07:05:00.000Z,low,NEUTRAL,yes,-0.14000000000000035,1.8800000000000001,SCALP_TAKE_PROFIT
KXBTC15M-26SEP020345-45,2026-09-02T07:33:00.000Z,2026-09-02T07:39:00.000Z,low,NEUTRAL,yes,-0.03000000000000025,1.2600000000000002,SCALP_TAKE_PROFIT
KXBTC15M-26SEP020830-30,2026-09-02T12:16:00.000Z,2026-09-02T12:19:00.000Z,low,BULLISH,yes,0.22999999999999998,2.67,SCALP_TAKE_PROFIT
KXBTC15M-26SEP020845-45,2026-09-02T12:31:00.000Z,2026-09-02T12:35:00.000Z,medium,BULLISH,yes,-0.4700000000000001,0.8200000000000001,STOP_LOSS
KXBTC15M-26SEP021215-15,2026-09-02T16:01:00.000Z,2026-09-02T16:06:00.000Z,low,BULLISH,yes,-0.020000000000000018,0.74,SCALP_TAKE_PROFIT
KXBTC15M-26SEP021415-15,2026-09-02T18:01:00.000Z,2026-09-02T18:04:00.000Z,low,BULLISH,yes,0.16999999999999993,0.61,SCALP_TAKE_PROFIT
KXBTC15M-26SEP021445-45,2026-09-02T18:32:00.000Z,2026-09-02T18:36:00.000Z,low,BULLISH,yes,-0.4,1.02,STOP_LOSS
KXBTC15M-26SEP021530-30,2026-09-02T19:16:00.000Z,2026-09-02T19:19:00.000Z,low,BULLISH,yes,-0.63,0.98,STOP_LOSS
KXBTC15M-26SEP021645-45,2026-09-02T20:31:00.000Z,2026-09-02T20:34:00.000Z,medium,BULLISH,yes,-0.06000000000000005,1.06,SCALP_TAKE_PROFIT
KXBTC15M-26SEP021930-30,2026-09-02T23:17:00.000Z,2026-09-02T23:23:00.000Z,low,BULLISH,yes,-0.31,0.51,STOP_LOSS
KXBTC15M-26SEP030015-15,2026-09-03T04:01:00.000Z,2026-09-03T04:04:00.000Z,low,BEARISH,yes,0.3899999999999999,1.1,SCALP_TAKE_PROFIT
KXBTC15M-26SEP030115-15,2026-09-03T05:04:00.000Z,2026-09-03T05:11:00.000Z,low,BULLISH,yes,-0.53,0.92,STOP_LOSS
KXBTC15M-26SEP030245-45,2026-09-03T06:31:00.000Z,2026-09-03T06:35:00.000Z,low,NEUTRAL,yes,0.55,1.35,SCALP_TAKE_PROFIT
KXBTC15M-26SEP030745-45,2026-09-03T11:34:00.000Z,2026-09-03T11:41:00.000Z,low,BULLISH,yes,0.1399999999999999,1.1400000000000001,SCALP_TAKE_PROFIT
KXBTC15M-26SEP030830-30,2026-09-03T12:16:00.000Z,2026-09-03T12:19:00.000Z,low,BULLISH,yes,-0.7000000000000002,1.3800000000000001,STOP_LOSS
KXBTC15M-26SEP040015-15,2026-09-04T04:02:00.000Z,2026-09-04T04:13:00.000Z,low,NEUTRAL,no,-1.224,1.3,STOP_LOSS
KXBTC15M-26SEP041715-15,2026-09-04T21:02:00.000Z,2026-09-04T21:07:00.000Z,low,BEARISH,no,-0.3200000000000003,0.6500000000000001,STOP_LOSS
KXBTC15M-26SEP041800-00,2026-09-04T21:46:00.000Z,2026-09-04T21:50:00.000Z,low,NEUTRAL,no,0.45999999999999974,1.47,SCALP_TAKE_PROFIT
KXBTC15M-26SEP041815-15,2026-09-04T22:03:00.000Z,2026-09-04T22:07:00.000Z,high,BEARISH,no,0.040000000000000036,0.74,SCALP_TAKE_PROFIT
KXBTC15M-26SEP041830-30,2026-09-04T22:16:00.000Z,2026-09-04T22:24:00.000Z,low,BEARISH,no,-0.6500000000000001,0.98,STOP_LOSS
KXBTC15M-26SEP041915-15,2026-09-04T23:01:00.000Z,2026-09-04T23:13:00.000Z,low,BEARISH,no,-2.34,3.04,STOP_LOSS
KXBTC15M-26SEP042100-00,2026-09-05T00:46:00.000Z,2026-09-05T00:57:00.000Z,low,BEARISH,no,0.5200000000000002,1.97,SCALP_TAKE_PROFIT
KXBTC15M-26SEP042115-15,2026-09-05T01:01:00.000Z,2026-09-05T01:04:00.000Z,low,BEARISH,no,-0.14000000000000012,0.8,SCALP_TAKE_PROFIT
KXBTC15M-26SEP042215-15,2026-09-05T02:01:00.000Z,2026-09-05T02:12:00.000Z,low,BEARISH,no,-0.8599999999999999,2,STOP_LOSS
KXBTC15M-26SEP042245-45,2026-09-05T02:34:00.000Z,2026-09-05T02:38:00.000Z,low,NEUTRAL,no,-0.37000000000000005,0.5700000000000001,STOP_LOSS
KXBTC15M-26SEP042315-15,2026-09-05T03:01:00.000Z,2026-09-05T03:04:00.000Z,low,NEUTRAL,no,0.060000000000000275,1.99,SCALP_TAKE_PROFIT
KXBTC15M-26SEP050045-45,2026-09-05T04:31:00.000Z,2026-09-05T04:37:00.000Z,low,BEARISH,no,0.3500000000000001,2.55,SCALP_TAKE_PROFIT
KXBTC15M-26SEP050130-30,2026-09-05T05:19:00.000Z,2026-09-05T05:24:00.000Z,low,NEUTRAL,no,0.32999999999999985,1.2000000000000002,SCALP_TAKE_PROFIT
KXBTC15M-26SEP050200-00,2026-09-05T05:46:00.000Z,2026-09-05T05:54:00.000Z,low,NEUTRAL,no,-2.41,3.8800000000000003,STOP_LOSS
KXBTC15M-26SEP050215-15,2026-09-05T06:01:00.000Z,2026-09-05T06:07:00.000Z,low,NEUTRAL,no,-0.29000000000000004,0.8400000000000001,STOP_LOSS
KXBTC15M-26SEP050315-15,2026-09-05T07:01:00.000Z,2026-09-05T07:05:00.000Z,low,NEUTRAL,no,-0.1599999999999997,1.0099999999999998,SCALP_TAKE_PROFIT
KXBTC15M-26SEP050345-45,2026-09-05T07:33:00.000Z,2026-09-05T07:38:00.000Z,low,BULLISH,no,-0.8499999999999999,1.95,STOP_LOSS
KXBTC15M-26SEP050430-30,2026-09-05T08:16:00.000Z,2026-09-05T08:20:00.000Z,low,BEARISH,no,0.1399999999999999,0.74,STOP_LOSS
KXBTC15M-26SEP050545-45,2026-09-05T09:31:00.000Z,2026-09-05T09:38:00.000Z,low,BULLISH,no,0.08000000000000052,3.23,SCALP_TAKE_PROFIT
KXBTC15M-26SEP050600-00,2026-09-05T09:47:00.000Z,2026-09-05T09:50:00.000Z,low,BEARISH,no,-0.060000000000000275,1.34,SCALP_TAKE_PROFIT
KXBTC15M-26SEP050615-15,2026-09-05T10:01:00.000Z,2026-09-05T10:08:00.000Z,low,BEARISH,no,0.10000000000000009,1,SCALP_TAKE_PROFIT
KXBTC15M-26SEP050630-30,2026-09-05T10:16:00.000Z,2026-09-05T10:22:00.000Z,low,BEARISH,no,0.8499999999999996,3.9400000000000004,SCALP_TAKE_PROFIT
KXBTC15M-26SEP050700-00,2026-09-05T10:47:00.000Z,2026-09-05T10:50:00.000Z,low,BEARISH,no,0.15999999999999992,0.9000000000000001,SCALP_TAKE_PROFIT
KXBTC15M-26SEP050715-15,2026-09-05T11:01:00.000Z,2026-09-05T11:06:00.000Z,low,NEUTRAL,no,-0.39000000000000035,1.7700000000000002,STOP_LOSS
KXBTC15M-26SEP050745-45,2026-09-05T11:31:00.000Z,2026-09-05T11:41:00.000Z,low,NEUTRAL,no,2.1299999999999994,3.57,SCALP_TAKE_PROFIT
KXBTC15M-26SEP050845-45,2026-09-05T12:33:00.000Z,2026-09-05T12:38:00.000Z,low,BULLISH,no,0.11999999999999988,0.8400000000000001,STOP_LOSS
KXBTC15M-26SEP050915-15,2026-09-05T13:04:00.000Z,2026-09-05T13:07:00.000Z,low,BULLISH,no,0.16000000000000014,0.9199999999999999,SCALP_TAKE_PROFIT
KXBTC15M-26SEP051030-30,2026-09-05T14:19:00.000Z,2026-09-05T14:23:00.000Z,low,NEUTRAL,no,-0.060000000000000275,1.35,SCALP_TAKE_PROFIT
KXBTC15M-26SEP051500-00,2026-09-05T18:47:00.000Z,2026-09-05T18:57:00.000Z,low,BEARISH,no,-0.6000000000000003,1.2200000000000002,SCALP_TAKE_PROFIT
KXBTC15M-26SEP051900-00,2026-09-05T22:46:00.000Z,2026-09-05T22:54:00.000Z,low,BEARISH,no,-1.28,2.03,STOP_LOSS
KXBTC15M-26SEP051915-15,2026-09-05T23:02:00.000Z,2026-09-05T23:09:00.000Z,low,BEARISH,no,0.039999999999999813,1.2000000000000002,SCALP_TAKE_PROFIT
KXBTC15M-26SEP052100-00,2026-09-06T00:47:00.000Z,2026-09-06T00:52:00.000Z,low,NEUTRAL,no,-0.9500000000000005,1.8300000000000003,SCALP_TAKE_PROFIT
KXBTC15M-26SEP052300-00,2026-09-06T02:46:00.000Z,2026-09-06T02:57:00.000Z,low,BEARISH,no,0.15999999999999992,1.06,SCALP_TAKE_PROFIT