ticker,ts,outcome_ms,label,pnl,features
KXBTC15M-26AUG220800-00,1787399220000,1787399520000,0,-0.55,"[0.7620384047650196,0.7620384047650196,1,0.8666666666666667,13.33333333333333,1.312484076135282,0,17.9473499899951,0.7335787999199608,0.59,2,1.0000000000000009,1.0000000000000009,101,-1.0000000000000009,1,0,0,1,1,0,0.2727675692694303,0.4554812939827846,0.5,0,0,100]"
KXBTC15M-26AUG220900-00,1787402880000,1787403120000,0,-0.87,"[0.49884587731744345,0.49884587731744345,1,0.8,19.999999999999996,0.9325925194154815,0,15.636634826573292,0.7250930786125863,0.6,2,1.0000000000000009,1.0000000000000009,101,-1.0000000000000009,1,0,0,1,1,0,0.1475650507965926,0.161888833399515,0,-0.5499999999999972,-1,99.45]"
KXBTC15M-26AUG230330-30,1787469480000,1787469780000,0,-0.75,"[0.6125850907301826,0.6125850907301826,1,0.8,19.999999999999996,1.258964187494276,0,15.847904716428538,0.7067832377314283,0.58,2,1.0000000000000009,1.0000000000000009,101,-1.0000000000000009,1,0,0,1,1,0,0.15201388610009087,0.10755691952575308,0,-1.4200000000000017,-2,98.58]"
KXBTC15M-26AUG231700-00,1787518140000,1787518380000,0,-0.26000000000000023,"[0.13393848903945751,0.13393848903945751,1,0.7333333333333333,26.66666666666667,0.3559273028975408,0,27.47829059585543,0.6698263247668435,0.45,4,1.0000000000000009,1.0000000000000009,101,-1.0000000000000009,1,0,0,1,1,0,0.0962561594937285,0.16409874848510864,0,-2.1700000000000017,-3,97.83]"
KXBTC15M-26AUG250130-30,1787635140000,1787635620000,1,0.6699999999999999,"[0.6949190933368038,0.6949190933368038,1,0.7333333333333333,26.66666666666667,1.59854747482095,0,16.768497278766393,0.6941479782301312,0.56,2,1.0000000000000009,1.0000000000000009,101,-1.0000000000000009,1,0,0,1,1,0,0.20447051108210068,0.36273818821708215,0,-2.430000000000007,-4,97.57]"
KXBTC15M-26AUG251045-45,1787668440000,1787668680000,1,0.040000000000000036,"[1.211038584519643,1.211038584519643,1,0.7333333333333333,26.66666666666667,1.9758513627403536,0,16.61536929256348,0.7629229543405078,0.63,2,1.0000000000000009,1.0000000000000009,101,-1.0000000000000009,1,0,0,1,1,0,0.5298753335866657,0.8208803497001149,0.2,-1.7600000000000051,1,98.24]"
KXBTC15M-26AUG260500-00,1787734080000,1787734380000,1,0.45399999999999996,"[-0.7214013192134505,0.7214013192134505,0,0.8,19.999999999999996,1.0897433824941254,0,16.298669393175327,0.7703893551454026,0.64,2,1.0000000000000009,1.0000000000000009,101,-1.0000000000000009,1,0,0,0,1,0,0.04152072068007158,-0.16404787207124905,0.3333333333333333,-1.7199999999999989,2,98.28]"
KXBTC15M-26AUG260730-30,1787743020000,1787743320000,0,-0.30000000000000016,"[0.6016071068430974,0.6016071068430974,1,0.8666666666666667,13.33333333333333,0.992717865737878,0,16.55839864283283,0.7424671891426626,0.61,2,1.0000000000000009,1.0000000000000009,101,-1.0000000000000009,1,0,0,1,1,0,0.04453069252920396,0.031189645495066642,0.42857142857142855,-1.2660000000000053,3,98.734]"
KXBTC15M-26AUG261630-30,1787775540000,1787775720000,1,0.5599999999999998,"[-0.3336667025365587,0.3336667025365587,0,0.7333333333333333,26.66666666666667,0.7911849408630343,0,16.10102362043822,0.6888081889635058,0.56,2,1.0000000000000009,1.0000000000000009,101,-1.0000000000000009,1,0,0,0,1,0,0.02965256653086455,-0.07004811984653303,0.375,-1.5660000000000025,-1,98.434]"
KXBTC15M-26AUG261715-15,1787778060000,1787778420000,1,0.55,"[0.2024272402819584,0.2024272402819584,1,0.9333333333333333,6.666666666666665,0.5234540128378758,0,15.690946273513294,0.6555275701881064,0.53,2,1.0000000000000009,1.0000000000000009,101,-1.0000000000000009,1,0,0,1,1,0,0.06672056286667218,0.08834796700181169,0.4444444444444444,-1.0060000000000002,1,98.994]"
KXBTC15M-26AUG261845-45,1787783580000,1787783880000,1,0.44999999999999996,"[-1.450640050200355,1.450640050200355,0,0.8,19.999999999999996,2.01987677671794,1,15.899893707445855,0.7889989370744586,0.63,3,1.0000000000000009,1.0000000000000009,101,-1.0000000000000009,1,0,0,0,0,0,0.026247328740346285,-0.1265643205358824,0.5,-0.45600000000000307,2,99.544]"
KXBTC15M-26AUG262130-30,1787793480000,1787793900000,0,-1.31,"[-0.9422242287754251,0.9422242287754251,0,0.8,19.999999999999996,1.3094191057891928,0,19.931045418921904,0.7894483633513752,0.63,3,1.0000000000000009,1.0000000000000009,101,-1.0000000000000009,1,0,0,0,1,0,0.1744888172591519,-0.22725184068532744,0.5454545454545454,-0.006000000000000227,3,99.994]"
KXBTC15M-26AUG262230-30,1787797140000,1787797500000,1,0.9699999999999998,"[-0.8238912488906529,0.8238912488906529,0,0.7333333333333333,26.66666666666667,1.0902175651097914,0,27.655251977719757,0.8112420158217581,0.5900000000000001,4,1.0000000000000009,1.0000000000000009,101,-1.0000000000000009,1,0,0,0,1,0,0.01792793180782085,-0.11180533553006855,0.5,-1.3160000000000025,-1,98.684]"
KXBTC15M-26AUG271845-45,1787869920000,1787870280000,1,0.6499999999999999,"[-0.6434069168735385,0.6434069168735385,0,0.8666666666666667,13.33333333333333,1.0504174794098085,0,17.471729846130213,0.7447172984613022,0.5700000000000001,3,1.0000000000000009,1.0000000000000009,101,-1.0000000000000009,1,0,0,0,0,0,0.07623657424968902,-0.059036091885478204,0.5384615384615384,-0.34600000000000364,1,99.654]"
KXBTC15M-26AUG280245-45,1787898720000,1787899080000,0,-0.8900000000000001,"[-0.40729157116861714,0.40729157116861714,0,0.8666666666666667,13.33333333333333,0.671717155546004,0,15.257938194322696,0.742579381943227,0.5900000000000001,3,1.0000000000000009,1.0000000000000009,101,-1.0000000000000009,1,0,0,0,0,0,0.03347784115480139,0.016729606327925417,0.5714285714285714,0.30400000000000205,2,100.304]"
KXBTC15M-26AUG291945-45,1788046320000,1788046800000,1,0.07999999999999985,"[0.24051981930587452,0.24051981930587452,1,0.8666666666666667,13.33333333333333,0.7803347173895263,0,17.46388234554147,0.6297110587643318,0.49,2,1.0000000000000009,1.0000000000000009,101,-1.0000000000000009,1,0,0,1,1,0,0.04959355358083512,0.04293616380524057,0.5333333333333333,-0.5859999999999985,-1,99.414]"
KXBTC15M-26AUG292115-15,1788051720000,1788052140000,1,0.4999999999999998,"[-0.35833937705991203,0.35833937705991203,0,0.8666666666666667,13.33333333333333,0.5662113950488378,0,17.711105249312894,0.7516888419945031,0.61,2,1.0000000000000009,1.0000000000000009,101,-1.0000000000000009,1,0,0,0,1,0,0.0419756922265301,-0.09326553081341338,0.5625,-0.5060000000000002,1,99.494]"
KXBTC15M-26AUG300145-45,1788067860000,1788068040000,1,0.6200000000000006,"[-0.08420074173433753,0.08420074173433753,0,0.9333333333333333,6.666666666666665,0.12182493429937089,0,15.169525861836743,0.7628254310306124,0.51,5,1.0000000000000009,1.0000000000000009,101,-1.0000000000000009,1,0,0,0,0,1,0.0284083514320374,0.03872755961964458,0.5882352941176471,-0.006000000000000227,2,99.994]"
KXBTC15M-26AUG300200-00,1788068760000,1788069240000,0,-0.030000000000000027,"[-0.10328370510783336,0.10328370510783336,0,0.9333333333333333,6.666666666666665,0.3007920463978796,0,15.886405340870823,0.6388640534087082,0.48,3,1.0000000000000009,1.0000000000000009,101,-1.0000000000000009,1,0,0,0,0,0,0.000045488165271698944,-0.025311593003918276,0.6111111111111112,0.6140000000000043,3,100.614]"
KXBTC15M-26AUG300215-15,1788069720000,1788069900000,0,-1.4400000000000004,"[-0.17751582284163916,0.17751582284163916,0,0.8666666666666667,13.33333333333333,0.10470041964327395,0,41.50802080384911,0.9620641664307928,0.63,7,1.0000000000000009,1.0000000000000009,101,-1.0000000000000009,1,0,0,0,1,0,0.006893818311338149,-0.025582288200676206,0.5789473684210527,0.5840000000000032,-1,100.584]"
KXBTC15M-26AUG301400-00,1788112020000,1788112440000,0,-1.4600000000000002,"[0.5205444231649027,0.5205444231649027,1,0.8666666666666667,13.33333333333333,0.6654872403632,0,17.960699062520213,0.7996069906252021,0.62,3,1.0000000000000009,1.0000000000000009,101,-1.0000000000000009,1,0,0,1,0,0,0.018984311629029978,0.02471720681900269,0.55,-0.8559999999999945,-2,99.144]"
KXBTC15M-26AUG302045-45,1788136320000,1788136620000,1,0.56,"[0.6839826739794124,0.6839826739794124,1,0.8666666666666667,13.33333333333333,1.328386523764258,0,16.237326578920616,0.7098986126313649,0.58,2,1.0000000000000009,1.0000000000000009,101,-1.0000000000000009,1,0,0,1,1,0,0.24949918753996306,0.355266701719148,0.5238095238095238,-2.3159999999999883,-3,97.68400000000001]"
KXBTC15M-26AUG302115-15,1788138120000,1788138360000,0,-0.8,"[0.795667462334129,0.795667462334129,1,0.8666666666666667,13.33333333333333,1.333768232916561,0,16.14687918072513,0.739175033445801,0.61,2,1.0000000000000009,1.0000000000000009,101,-1.0000000000000009,1,0,0,1,1,0,0.07397964867563728,0.04363053798979166,0.5454545454545454,-1.755999999999986,1,98.24400000000001]"
KXBTC15M-26AUG302245-45,1788143460000,1788143820000,0,-0.7600000000000001,"[0.6001545272687706,0.6001545272687706,1,0.9333333333333333,6.666666666666665,1.1204110790890003,0,16.295840441499344,0.7103667235319947,0.58,2,1.0000000000000009,1.0000000000000009,101,-1.0000000000000009,1,0,0,1,1,0,0.13529505931615396,0.4253802526424266,0.5217391304347826,-2.555999999999983,-1,97.44400000000002]"
KXBTC15M-26AUG310600-00,1788169680000,1788169920000,0,-0.9000000000000001,"[0.6703675429237995,0.6703675429237995,1,0.8,19.999999999999996,1.3809374875308242,0,19.54331662251413,0.7063465329801131,0.55,3,1.0000000000000009,1.0000000000000009,101,-1.0000000000000009,1,0,0,1,1,0,0.17598915313372102,0.033036848792877826,0.5,-3.3159999999999883,-2,96.68400000000001]"
KXBTC15M-26AUG311800-00,1788212760000,1788213060000,0,-0.5800000000000001,"[0.6038717645659535,0.6038717645659535,1,0.9333333333333333,6.666666666666665,0.8501567998615815,0,26.112807859539583,0.7689024628763167,0.56,4,1.0000000000000009,1.0000000000000009,101,-1.0000000000000009,1,0,0,1,1,0,0.19330067311733548,0.2845392398445723,0.48,-4.215999999999994,-3,95.784]"
KXBTC15M-26AUG311815-15,1788213720000,1788213960000,0,0,"[0.4852456690778771,0.4852456690778771,1,0.8666666666666667,13.33333333333333,0.9739033464076838,0,18.374580038041287,0.7037458003804129,0.52,3,1.0000000000000009,1.0000000000000009,101,-1.0000000000000009,1,0,0,1,0,0,0.04211610386328987,0.005089639052147099,0.46153846153846156,-4.795999999999992,-4,95.20400000000001]"
KXBTC15M-26AUG311845-45,1788215640000,1788215820000,1,0.22999999999999998,"[-0.4216247258010215,0.4216247258010215,0,0.7333333333333333,26.66666666666667,0.6885647377299017,0,15.338504339667505,0.76270803471734,0.64,2,1.0000000000000009,1.0000000000000009,101,-1.0000000000000009,1,0,0,0,1,0,0.23047208131454802,-0.3168692607814938,0.4444444444444444,-4.795999999999992,-5,95.20400000000001]"
KXBTC15M-26AUG311945-45,1788219180000,1788219480000,0,-0.6400000000000001,"[0.3131524805623432,0.3131524805623432,1,0.8,19.999999999999996,0.7059000603398005,0,16.004714527697338,0.6900471452769734,0.53,3,1.0000000000000009,1.0000000000000009,101,-1.0000000000000009,1,0,0,1,0,0,0.014043911224157962,0.20207311432962616,0.4642857142857143,-4.565999999999988,1,95.43400000000001]"
KXBTC15M-26AUG312315-15,1788231660000,1788231960000,1,0.6399999999999999,"[0.29406292564043385,0.29406292564043385,1,0.9333333333333333,6.666666666666665,0.8991750775032078,0,21.564036061197577,0.6325122884895806,0.46,3,1.0000000000000009,1.0000000000000009,101,-1.0000000000000009,1,0,0,1,1,0,0.10243248606158427,0.19820791533864401,0.4482758620689655,-5.205999999999989,-1,94.79400000000001]"
KXBTC15M-26SEP010015-15,1788235440000,1788235800000,1,1.3800000000000003,"[0.4947877567744193,0.4947877567744193,1,0.7333333333333333,26.66666666666667,0.8938391371108996,0,28.87418983031012,0.740993518642481,0.51,4,1.0000000000000009,1.0000000000000009,101,-1.0000000000000009,1,0,0,1,1,0,0.1259159031404191,0.04222933784729932,0.4666666666666667,-4.565999999999988,1,95.43400000000001]"
KXBTC15M-26SEP010045-45,1788237060000,1788237300000,0,-0.67,"[0.6244588647082322,0.6244588647082322,1,0.9333333333333333,6.666666666666665,1.0737258503973033,0,17.051366325602544,0.7264109306048203,0.59,2,1.0000000000000009,1.0000000000000009,101,-1.0000000000000009,1,0,0,1,1,0,0.18221672948935738,0.16667464831725542,0.4838709677419355,-3.185999999999993,2,96.81400000000001]"
KXBTC15M-26SEP010130-30,1788239940000,1788240180000,0,-0.3700000000000001,"[0.3079743670955371,0.3079743670955371,1,0.7333333333333333,26.66666666666667,1.5013397711850087,0,16.832246351277675,0.5946579708102214,0.46,2,1.0000000000000009,1.0000000000000009,101,-1.0000000000000009,1,0,0,1,1,0,0.13224805481496843,0.11868954755021033,0.46875,-3.8559999999999945,-1,96.144]"
KXBTC15M-26SEP010145-45,1788240660000,1788240900000,1,0.25,"[0.9220086336185217,0.9220086336185217,1,0.9333333333333333,6.666666666666665,1.3046860498809696,0,17.22015546887372,0.7677612437509898,0.63,2,1.0000000000000009,1.0000000000000009,101,-1.0000000000000009,1,0,0,1,1,0,0.153631087999137,0.32765834047723263,0.45454545454545453,-4.225999999999999,-2,95.774]"
KXBTC15M-26SEP011600-00,1788291960000,1788292440000,0,-0.778,"[0.4314136976565917,0.4314136976565917,1,0.9333333333333333,6.666666666666665,1.3222183135794126,0,16.527175705343925,0.6322174056427514,0.5,2,1.0000000000000009,1.0000000000000009,101,-1.0000000000000009,1,0,0,1,1,0,0.1546650436255264,0.119331278651158,0.47058823529411764,-3.975999999999999,1,96.024]"
KXBTC15M-26SEP011645-45,1788294660000,1788295020000,1,0.5499999999999999,"[0.5933137802618359,0.5933137802618359,1,0.9333333333333333,6.666666666666665,1.0810438151326187,0,18.12695014973641,0.7150156011978912,0.57,2,0.9999999999999898,0.9999999999999898,100.99999999999997,-0.9999999999999787,1,0,0,1,1,0,0.11846757931589791,0.14230639861316785,0.45714285714285713,-4.754000000000005,-1,95.246]"
KXBTC15M-26SEP011715-15,1788296460000,1788296640000,0,-0.6500000000000001,"[0.6677946411354477,0.6677946411354477,1,0.9333333333333333,6.666666666666665,0.9187842455605952,0,25.509390292423273,0.7740751223393861,0.57,4,0.9999999999999898,0.9999999999999898,100.99999999999997,-0.9999999999999787,1,0,0,1,1,0,0.11106614970160335,0.08101229847043978,0.4722222222222222,-4.204000000000008,1,95.79599999999999]"
KXBTC15M-26SEP011915-15,1788303660000,1788303960000,0,-0.30000000000000004,"[0.4663353036280948,0.4663353036280948,1,0.9333333333333333,6.666666666666665,1.2787771591496815,0,17.136075914080145,0.6470886073126412,0.51,2,1.0000000000000009,1.0000000000000009,101,-1.0000000000000009,1,0,0,1,1,0,0.13815030308777354,0.2227226951352579,0.4594594594594595,-4.854000000000013,-1,95.14599999999999]"
KXBTC15M-26SEP011945-45,1788305460000,1788305640000,1,0.71,"[0.9930369747232384,0.9930369747232384,1,0.9333333333333333,6.666666666666665,1.239030077081953,0,23.326955663227942,0.7966156453058235,0.61,3,1.0000000000000009,1.0000000000000009,101,-1.0000000000000009,1,0,0,1,1,0,0.13433071973357769,0.17952399032150623,0.4473684210526316,-5.154000000000011,-2,94.84599999999999]"
KXBTC15M-26SEP012300-00,1788317160000,1788317340000,1,0.3699999999999999,"[0.7970326022621989,0.7970326022621989,1,0.9333333333333333,6.666666666666665,1.1682842010236072,0,23.74485339631512,0.7599588271705209,0.57,3,0.9999999999999898,0.9999999999999898,100.99999999999997,-0.9999999999999787,1,0,0,1,1,0,0.09630818265681375,0.11709736985980879,0.46153846153846156,-4.444000000000017,1,95.55599999999998]"
KXBTC15M-26SEP020100-00,1788324360000,1788324960000,0,-1.5799999999999998,"[0.8483558172988602,0.8483558172988602,1,0.9333333333333333,6.666666666666665,1.0316291852403472,0,22.834165586029798,0.8026733246882384,0.62,3,1.0000000000000009,1.0000000000000009,101,-1.0000000000000009,1,0,0,1,1,0,0.1291112535768866,0.2873290647938953,0.475,-4.074000000000012,2,95.92599999999999]"
KXBTC15M-26SEP020115-15,1788325260000,1788325500000,0,-0.3600000000000003,"[0.39112648555833807,0.39112648555833807,1,0.9333333333333333,6.666666666666665,0.4714809043036251,0,49.34291872046192,0.8047433497636953,0.41,8,1.9999999999999962,1.9999999999999907,102,-2.0000000000000018,1,0,0,1,1,0,0.08462436175900756,0.11631824982991645,0.4634146341463415,-5.654000000000011,-1,94.34599999999999]"
KXBTC15M-26SEP020145-45,1788327060000,1788327540000,0,-0.45,"[-0.11890173402210578,0.11890173402210578,0,0.9333333333333333,6.666666666666665,1.655540418024986,0,15.046168409813752,0.47036934727851,0.35,2,0.9999999999999953,0.9999999999999898,100.99999999999997,-0.9999999999999787,1,0,0,1,1,0,0.22625670617715485,0.19598968407479322,0.4523809523809524,-6.01400000000001,-2,93.98599999999999]"
KXBTC15M-26SEP020315-15,1788332520000,1788332700000,0,-0.14000000000000035,"[0.9820700339579145,0.9820700339579145,1,0.8666666666666667,13.33333333333333,1.2505297249906429,0,16.05458741423381,0.8005458741423381,0.64,3,1.0000000000000009,1.0000000000000009,101,-1.0000000000000009,1,0,0,1,0,0,0.0032815637518690314,0.17396970400764822,0.4418604651162791,-6.464000000000013,-3,93.53599999999999]"
KXBTC15M-26SEP020345-45,1788334380000,1788334740000,0,-0.03000000000000025,"[0.7241422742966138,0.7241422742966138,1,0.8,19.999999999999996,1.1180950426040366,0,15.549874081141246,0.7654987408114124,0.61,3,1.0000000000000009,1.0000000000000009,101,-1.0000000000000009,1,0,0,1,0,0,0.0030025150122170935,-0.008604867572625796,0.4318181818181818,-6.604000000000013,-4,93.39599999999999]"
KXBTC15M-26SEP020830-30,1788351360000,1788351540000,1,0.22999999999999998,"[1.4412959157420209,1.4412959157420209,1,0.9333333333333333,6.666666666666665,1.4431745376217961,0,24.921708894877398,0.8493736711590192,0.65,4,1.0000000000000009,1.0000000000000009,101,-1.0000000000000009,1,0,0,1,1,0,0.21505011190045178,0.296970785782702,0.4222222222222222,-6.6340000000000146,-5,93.36599999999999]"
KXBTC15M-26SEP020845-45,1788352260000,1788352500000,0,-0.4700000000000001,"[0.17345517379092673,0.17345517379092673,1,0.9333333333333333,6.666666666666665,1.6859472314542447,0,16.550602864455847,0.5424048229156467,0.41,2,0.9999999999999953,0.9999999999999898,101,-1.0000000000000009,1,0,0,1,1,0,0.33545277972970067,0.25590636554222446,0.43478260869565216,-6.404000000000011,1,93.59599999999999]"
KXBTC15M-26SEP021215-15,1788364860000,1788365160000,0,-0.020000000000000018,"[0.5495177641811129,0.5495177641811129,1,0.9333333333333333,6.666666666666665,1.3692902083511835,0,15.134485329395652,0.6610758826351653,0.54,2,1.0000000000000009,1.0000000000000009,101,-1.0000000000000009,1,0,0,1,1,0,0.16913859259106054,0.36357970186464694,0.425531914893617,-6.874000000000009,-1,93.12599999999999]"
KXBTC15M-26SEP021415-15,1788372060000,1788372240000,1,0.16999999999999993,"[0.0084029974137407,0.0084029974137407,1,0.9333333333333333,6.666666666666665,1.1388838633275002,0,17.880850811306985,0.5030468064904559,0.36,2,1.0000000000000009,1.0000000000000009,101,-1.0000000000000009,1,0,0,1,1,0,0.21863089056245416,0.2997556365288423,0.4166666666666667,-6.8940000000000055,-2,93.106]"
KXBTC15M-26SEP021445-45,1788373920000,1788374160000,0,-0.4,"[0.446795318918036,0.446795318918036,1,0.8666666666666667,13.33333333333333,1.4283088537051476,0,15.196334613263973,0.6315706769061118,0.51,2,1.0000000000000009,1.0000000000000009,101,-1.0000000000000009,1,0,0,1,1,0,0.14990358872035067,0.1554976869961422,0.42857142857142855,-6.724000000000004,1,93.276]"
KXBTC15M-26SEP021530-30,1788376560000,1788376740000,0,-0.63,"[0.3384535748479223,0.3384535748479223,1,0.9333333333333333,6.666666666666665,1.094058729316716,0,15.699601811502484,0.6255968144920199,0.5,2,1.0000000000000009,1.0000000000000009,101,-1.0000000000000009,1,0,0,1,1,0,0.009183679737125328,0.0626409874826761,0.42,-7.124000000000009,-1,92.87599999999999]"
KXBTC15M-26SEP021645-45,1788381060000,1788381240000,0,-0.06000000000000005,"[0.6524083913654217,0.6524083913654217,1,0.9333333333333333,6.666666666666665,1.5544369382888183,0,17.25185665226958,0.6680148532181567,0.53,2,1.0000000000000009,1.0000000000000009,101,-1.0000000000000009,1,0,0,1,1,0,0.11058023997223952,0.11638644593896519,0.4117647058823529,-7.754000000000005,-2,92.246]"
KXBTC15M-26SEP021930-30,1788391020000,1788391380000,0,-0.31,"[-0.07357924692149892,0.07357924692149892,0,0.8666666666666667,13.33333333333333,1.4655070277010782,0,16.061856932791386,0.47849485546233106,0.35,2,0.9999999999999953,0.9999999999999898,100.99999999999997,-0.9999999999999787,1,0,0,1,1,0,0.12612338070727397,0.11156363134563474,0.40384615384615385,-7.814000000000007,-3,92.18599999999999]"
KXBTC15M-26SEP030015-15,1788408060000,1788408240000,1,0.3899999999999999,"[0.47787153546349215,0.47787153546349215,1,0.9333333333333333,6.666666666666665,0.8364056832490928,0,15.28713116053556,0.7228713116053556,0.57,2,0.9999999999999898,0.9999999999999898,100.99999999999997,-0.9999999999999787,1,0,0,1,0,0,0.0025753738666646113,-0.008105896460686157,0.39622641509433965,-8.12400000000001,-4,91.87599999999999]"
KXBTC15M-26SEP030115-15,1788411840000,1788412260000,0,-0.53,"[0.6146676054348404,0.6146676054348404,1,0.7333333333333333,26.66666666666667,1.6008147248526827,0,15.382669019456008,0.6730613521556481,0.55,2,1.0000000000000009,1.0000000000000009,101,-1.0000000000000009,1,0,0,1,1,0,0.17431538491714693,0.2137216570463174,0.4074074074074074,-7.734000000000009,1,92.26599999999999]"
KXBTC15M-26SEP030245-45,1788417060000,1788417300000,1,0.55,"[0.2718402685622925,0.2718402685622925,1,0.9333333333333333,6.666666666666665,0.8630994332671635,0,19.779257740119878,0.6277925774011988,0.43,3,1.0000000000000009,1.0000000000000009,101,-1.0000000000000009,1,0,0,1,0,0,0.1369254925263465,-0.02340270134038036,0.4,-8.26400000000001,-1,91.73599999999999]"
KXBTC15M-26SEP030745-45,1788435240000,1788435660000,1,0.1399999999999999,"[0.9418218321130765,0.9418218321130765,1,0.7333333333333333,26.66666666666667,1.5349519749799574,0,16.645291542021337,0.7631623323361707,0.63,2,1.0000000000000009,1.0000000000000009,101,-1.0000000000000009,1,0,0,1,1,0,0.24261576070139287,0.328698465773547,0.4107142857142857,-7.714000000000013,1,92.28599999999999]"
KXBTC15M-26SEP030830-30,1788437760000,1788437940000,0,-0.7000000000000002,"[1.1230686685241733,1.1230686685241733,1,0.9333333333333333,6.666666666666665,1.4058600887193569,0,20.731164620232683,0.7958493169618615,0.63,3,1.0000000000000009,1.0000000000000009,101,-1.0000000000000009,1,0,0,1,1,0,0.1918370511765659,0.19897730742943764,0.42105263157894735,-7.574000000000012,2,92.42599999999999]"
KXBTC15M-26SEP040015-15,1788494520000,1788495180000,0,-1.224,"[-0.6134056016877196,0.6134056016877196,0,0.8666666666666667,13.33333333333333,0.8792790289921872,0,15.397783678161359,0.7731822694252909,0.65,2,1.0000000000000009,1.0000000000000009,101,-1.0000000000000009,1,0,0,0,1,0,0.0023434747322532744,-0.03763426763938593,0.41379310344827586,-8.274000000000015,-1,91.72599999999998]"
KXBTC15M-26SEP041715-15,1788555720000,1788556020000,0,-0.3200000000000003,"[-0.13046510811052317,0.13046510811052317,0,0.8666666666666667,13.33333333333333,0.9501927525255905,0,17.328323430679223,0.5586265874454338,0.4200000000000001,2,1.0000000000000009,1.0000000000000009,101,-1.0000000000000009,1,0,0,0,1,0,0.0553735368987535,-0.07435712305761122,0.4067796610169492,-9.498000000000019,-2,90.50199999999998]"
KXBTC15M-26SEP041800-00,1788558360000,1788558600000,1,0.45999999999999974,"[-0.3235396794727604,0.3235396794727604,0,0.9333333333333333,6.666666666666665,0.7764972797958474,0,18.68711501814575,0.6668711501814575,0.48,3,1.0000000000000009,1.0000000000000009,101,-1.0000000000000009,1,0,0,0,0,0,0.013624398349913868,-0.012708509161529769,0.4,-9.818000000000012,-3,90.18199999999999]"
KXBTC15M-26SEP041815-15,1788559380000,1788559620000,1,0.040000000000000036,"[-0.1578943470937179,0.1578943470937179,0,0.8,19.999999999999996,2.703495388198431,1,17.003933582229443,0.5260314686578356,0.39,2,1.0000000000000009,1.0000000000000009,101,-1.0000000000000009,1,0,0,0,1,0,0.14333125819497422,-0.1647650240461429,0.4098360655737705,-9.358000000000018,1,90.64199999999998]"
KXBTC15M-26SEP041830-30,1788560160000,1788560640000,0,-0.6500000000000001,"[-0.4786570401606271,0.4786570401606271,0,0.9333333333333333,6.666666666666665,0.7980848693929902,0,20.329616292624557,0.7326369303409965,0.5700000000000001,2,1.0000000000000009,1.0000000000000009,101,-1.0000000000000009,1,0,0,0,1,0,0.07841461957541282,-0.14403554222093273,0.41935483870967744,-9.318000000000012,2,90.68199999999999]"
KXBTC15M-26SEP041915-15,1788562860000,1788563580000,0,-2.34,"[-0.6990564056550931,0.6990564056550931,0,0.9333333333333333,6.666666666666665,0.5830458600957512,0,35.338408124763426,0.8927072649981074,0.61,5,1.0000000000000009,1.0000000000000009,101,-1.0000000000000009,1,0,0,0,1,0,0.059796157819231026,-0.134414688947615,0.4126984126984127,-9.968000000000018,-1,90.03199999999998]"
KXBTC15M-26SEP042100-00,1788569160000,1788569820000,1,0.5200000000000002,"[-0.7381967288633624,0.7381967288633624,0,0.9333333333333333,6.666666666666665,0.7648714927577438,0,23.887814777616157,0.8411025182209293,0.65,3,1.0000000000000009,1.0000000000000009,101,-1.0000000000000009,1,0,0,0,1,0,0.016073354902253457,-0.03925184920658964,0.40625,-12.308000000000021,-2,87.69199999999998]"
KXBTC15M-26SEP042115-15,1788570060000,1788570240000,0,-0.14000000000000012,"[-0.1794081641267953,0.1794081641267953,0,0.9333333333333333,6.666666666666665,0.9516982756508935,0,19.669309866570217,0.5773544789325618,0.4200000000000001,2,1.0000000000000009,1.0000000000000009,101,-1.0000000000000009,1,0,0,0,1,0,0.06573743609093673,-0.14919760646436853,0.4153846153846154,-11.788000000000025,1,88.21199999999997]"
KXBTC15M-26SEP042215-15,1788573660000,1788574320000,0,-0.8599999999999999,"[-0.8847503351431024,0.8847503351431024,0,0.9333333333333333,6.666666666666665,0.9979483477548355,0,22.57606072799666,0.8206084858239733,0.64,3,1.0000000000000009,1.0000000000000009,101,-1.0000000000000009,1,0,0,0,1,0,0.11901695449715456,-0.25334373708861824,0.4090909090909091,-11.928000000000026,-1,88.07199999999997]"
KXBTC15M-26SEP042245-45,1788575640000,1788575880000,0,-0.37000000000000005,"[-0.19297032367856273,0.19297032367856273,0,0.7333333333333333,26.66666666666667,0.9526696280928157,0,15.349161882613217,0.5934916188261321,0.43999999999999995,2,0.9999999999999898,0.9999999999999898,100.99999999999997,-0.9999999999999787,1,0,0,0,0,0,0.03598931322784915,0.06219086215808467,0.40298507462686567,-12.788000000000025,-2,87.21199999999997]"
KXBTC15M-26SEP042315-15,1788577260000,1788577440000,1,0.060000000000000275,"[-0.25091391340895713,0.25091391340895713,0,0.9333333333333333,6.666666666666665,0.38292655473081655,0,26.11940037672723,0.7511940037672723,0.49,4,1.0000000000000009,1.0000000000000009,101,-1.0000000000000009,1,0,0,0,0,0,0.013012653902950751,0.008911290429014507,0.39705882352941174,-13.15800000000003,-3,86.84199999999997]"
KXBTC15M-26SEP050045-45,1788582660000,1788583020000,1,0.3500000000000001,"[-0.4189213742128451,0.4189213742128451,0,0.9333333333333333,6.666666666666665,0.4037776846192308,0,23.857063590437566,0.8585706359043757,0.62,4,1.0000000000000009,1.0000000000000009,101,-1.0000000000000009,1,0,0,0,0,0,0.014030488998659772,-0.0125185452947707,0.4057971014492754,-13.098000000000027,1,86.90199999999997]"
KXBTC15M-26SEP050130-30,1788585540000,1788585840000,1,0.32999999999999985,"[-0.45653504852098226,0.45653504852098226,0,0.7333333333333333,26.66666666666667,0.8749738630785555,0,15.88359293077868,0.7288359293077868,0.5700000000000001,2,1.0000000000000009,1.0000000000000009,101,-1.0000000000000009,1,0,0,0,0,0,0.02037522902428458,0.008964694693691655,0.4142857142857143,-12.748000000000033,2,87.25199999999997]"
KXBTC15M-26SEP050200-00,1788587160000,1788587640000,0,-2.41,"[-0.7138834366600375,0.7138834366600375,0,0.9333333333333333,6.666666666666665,0.4261184547650298,0,31.855143983917202,0.958551439839172,0.64,6,1.0000000000000009,1.0000000000000009,101,-1.0000000000000009,1,0,0,0,0,0,0.007263067682550846,-0.0653720298210203,0.4225352112676056,-12.418000000000035,3,87.58199999999997]"
KXBTC15M-26SEP050215-15,1788588060000,1788588420000,0,-0.29000000000000004,"[-0.2448630889937903,0.2448630889937903,0,0.9333333333333333,6.666666666666665,0.5806750726817588,0,16.87584179748046,0.6687584179748046,0.5,2,1.0000000000000009,1.0000000000000009,101,-1.0000000000000009,1,0,0,0,0,0,0.029190857867000427,-0.02198671725872625,0.4166666666666667,-14.828000000000031,-1,85.17199999999997]"
KXBTC15M-26SEP050315-15,1788591660000,1788591900000,0,-0.1599999999999997,"[-0.5215811740822057,0.5215811740822057,0,0.9333333333333333,6.666666666666665,0.6483839243143457,0,21.74837369574756,0.7974837369574757,0.5800000000000001,3,1.0000000000000009,1.0000000000000009,101,-1.0000000000000009,1,0,0,0,0,0,0.03157630961113478,-0.009805763026471404,0.410958904109589,-15.118000000000038,-2,84.88199999999996]"
KXBTC15M-26SEP050345-45,1788593580000,1788593880000,0,-0.8499999999999999,"[-0.32645978505826095,0.32645978505826095,0,0.8,19.999999999999996,0.4350240119588205,0,16.156233178001155,0.7992705529666859,0.53,4,1.0000000000000009,1.0000000000000009,101,-1.0000000000000009,1,0,0,0,0,1,0.052904564562216004,0.02650368905749989,0.40540540540540543,-15.278000000000034,-3,84.72199999999997]"
KXBTC15M-26SEP050430-30,1788596160000,1788596400000,1,0.1399999999999999,"[-0.19076973202264033,0.19076973202264033,0,0.9333333333333333,6.666666666666665,0.7485184630368084,0,19.25451869553532,0.6040361495642825,0.44999999999999996,2,1.0000000000000009,1.0000000000000009,101,-1.0000000000000009,1,0,0,0,1,0,0.05008178185243624,-0.1219669834071957,0.4,-16.12800000000003,-4,83.87199999999997]"
KXBTC15M-26SEP050545-45,1788600660000,1788601080000,1,0.08000000000000052,"[-0.16823246640718167,0.16823246640718167,0,0.9333333333333333,6.666666666666665,0.13617383182054765,0,23.370819961131442,0.8995136660188574,0.51,6,1.0000000000000009,1.0000000000000009,101,-1.0000000000000009,1,0,0,0,0,1,0.0376897206487165,0.03761873531009652,0.40789473684210525,-15.988000000000028,1,84.01199999999997]"
KXBTC15M-26SEP050600-00,1788601620000,1788601800000,0,-0.060000000000000275,"[-0.4052205559389295,0.4052205559389295,0,0.8666666666666667,13.33333333333333,0.6076703402097909,0,15.387281085349523,0.7630982486827962,0.64,2,1.0000000000000009,1.0000000000000009,101,-1.0000000000000009,1,0,0,0,1,0,0.01695793492775034,-0.053829815720085605,0.4155844155844156,-15.90800000000003,2,84.09199999999997]"
KXBTC15M-26SEP050615-15,1788602460000,1788602880000,1,0.10000000000000009,"[-0.12065815823671576,0.12065815823671576,0,0.9333333333333333,6.666666666666665,0.30054484480403615,0,21.391538722950493,0.6611323097836039,0.49,2,1.0000000000000009,1.0000000000000009,101,-1.0000000000000009,1,0,0,0,1,0,0.05309531685714948,-0.07632589740333984,0.41025641025641024,-15.968000000000032,-1,84.03199999999997]"
KXBTC15M-26SEP050630-30,1788603360000,1788603720000,1,0.8499999999999996,"[-0.1574693396271863,0.1574693396271863,0,0.9333333333333333,6.666666666666665,0.11565120293579007,0,62.57977816658637,0.920638225332691,0.4200000000000001,9,1.0000000000000009,1.0000000000000009,101,-1.0000000000000009,1,0,0,0,1,0,0.0467824380272244,-0.037977579041703624,0.4177215189873418,-15.868000000000038,1,84.13199999999996]"
KXBTC15M-26SEP050700-00,1788605220000,1788605400000,1,0.15999999999999992,"[-0.22256351977927985,0.22256351977927985,0,0.8666666666666667,13.33333333333333,0.7099615059418439,0,18.980377884637715,0.6318430230771017,0.48,2,1.0000000000000009,1.0000000000000009,101,-1.0000000000000009,1,0,0,0,1,0,0.03927290083546431,-0.02764311024049393,0.425,-15.018000000000043,2,84.98199999999996]"
KXBTC15M-26SEP050715-15,1788606060000,1788606360000,0,-0.39000000000000035,"[-0.4284882274962974,0.4284882274962974,0,0.9333333333333333,6.666666666666665,0.507850567028494,0,22.34522697623277,0.8087618158098622,0.63,3,1.0000000000000009,1.0000000000000009,101,-1.0000000000000009,1,0,0,0,1,0,0.0011610724375534438,-0.029444466417927195,0.43209876543209874,-14.858000000000047,3,85.14199999999995]"
KXBTC15M-26SEP050745-45,1788607860000,1788608460000,1,2.1299999999999994,"[-0.1916141558914172,0.1916141558914172,0,0.9333333333333333,6.666666666666665,0.1,0,52.232652832374136,0.9723265283237413,0.44999999999999996,9,1.0000000000000009,1.0000000000000009,101,-1.0000000000000009,1,0,0,0,0,0,0.014110688165604065,0.0074731844557751614,0.4268292682926829,-15.248000000000047,-1,84.75199999999995]"
KXBTC15M-26SEP050845-45,1788611580000,1788611880000,1,0.11999999999999988,"[-0.2643302848327969,0.2643302848327969,0,0.8,19.999999999999996,0.6061502754159592,0,16.706666979343467,0.6870666697934347,0.52,2,1.0000000000000009,1.0000000000000009,101,-1.0000000000000009,1,0,0,0,0,0,0.006257560361172476,-0.0027744927448836165,0.43373493975903615,-13.118000000000052,1,86.88199999999995]"
KXBTC15M-26SEP050915-15,1788613440000,1788613620000,1,0.16000000000000014,"[-0.37568067819721995,0.37568067819721995,0,0.7333333333333333,26.66666666666667,0.801566794780809,0,16.791499873650608,0.7079149987365061,0.54,2,0.9999999999999953,1.0000000000000009,101,-1.0000000000000009,1,0,0,0,0,0,0.030551907334560046,0.012236098725115774,0.44047619047619047,-12.998000000000047,2,87.00199999999995]"
KXBTC15M-26SEP051030-30,1788617940000,1788618180000,0,-0.060000000000000275,"[-0.1126937739952205,0.1126937739952205,0,0.7333333333333333,26.66666666666667,0.37995091330386815,0,20.546204552302704,0.6354620455230271,0.43000000000000005,3,1.0000000000000009,1.0000000000000009,101,-1.0000000000000009,1,0,0,0,0,0,0.00466703358766438,-0.01927436290136697,0.4470588235294118,-12.83800000000005,3,87.16199999999995]"
KXBTC15M-26SEP051500-00,1788634020000,1788634620000,0,-0.6000000000000003,"[-0.34769532137890163,0.34769532137890163,0,0.8666666666666667,13.33333333333333,0.7072378864624086,0,15.160163345058347,0.7012813067604668,0.5800000000000001,2,1.0000000000000009,1.0000000000000009,101,-1.0000000000000009,1,0,0,0,1,0,0.06414636074504991,-0.03959359741400048,0.4418604651162791,-12.898000000000053,-1,87.10199999999995]"
KXBTC15M-26SEP051900-00,1788648360000,1788648840000,0,-1.28,"[-0.43553461090152534,0.43553461090152534,0,0.9333333333333333,6.666666666666665,0.5737852562879674,0,31.74718175060071,0.7839774540048057,0.53,4,1.0000000000000009,1.0000000000000009,101,-1.0000000000000009,1,0,0,0,1,0,0.10481934629812888,-0.20193053449460985,0.4367816091954023,-13.498000000000047,-2,86.50199999999995]"
KXBTC15M-26SEP051915-15,1788649320000,1788649740000,1,0.039999999999999813,"[-0.4197083722358994,0.4197083722358994,0,0.8666666666666667,13.33333333333333,0.7322766231927348,0,18.86789378871284,0.7309431503097028,0.5800000000000001,2,1.0000000000000009,1.0000000000000009,101,-1.0000000000000009,1,0,0,0,1,0,0.07089627229132328,-0.1005131997315667,0.4318181818181818,-14.778000000000048,-3,85.22199999999995]"
KXBTC15M-26SEP052100-00,1788655620000,1788655920000,0,-0.9500000000000005,"[-0.401866683887744,0.401866683887744,0,0.8666666666666667,13.33333333333333,0.5388187468299023,0,16.84773495256302,0.7884773495256302,0.62,3,1.0000000000000009,1.0000000000000009,101,-1.0000000000000009,1,0,0,0,0,0,0.011050801230760125,-0.04136262115619349,0.43820224719101125,-14.738000000000042,1,85.26199999999996]"
KXBTC15M-26SEP052300-00,1788662760000,1788663420000,1,0.15999999999999992,"[-0.20124801302006742,0.20124801302006742,0,0.9333333333333333,6.666666666666665,0.6441825964618214,0,15.849210064672521,0.6267936805173802,0.5,2,1.0000000000000009,1.0000000000000009,101,-1.0000000000000009,1,0,0,0,1,0,0.06112413289335176,-0.13709606850428324,0.43333333333333335,-15.688000000000045,-1,84.31199999999995]"
